sample	group	view	value	combi	ntotal	ptotal
GSM1022678	EoE	Archaea_Blood	FALSE	missing	N=78	D=64
GSM1022679	EoE	Archaea_Blood	FALSE	missing	N=78	D=64
GSM1022680	EoE	Archaea_Blood	FALSE	missing	N=78	D=64
GSM1022681	EoE	Archaea_Blood	FALSE	missing	N=78	D=64
GSM1022682	EoE	Archaea_Blood	FALSE	missing	N=78	D=64
GSM1022683	EoE	Archaea_Blood	FALSE	missing	N=78	D=64
GSM1415912	EoE	Archaea_Blood	FALSE	missing	N=78	D=64
GSM1415913	EoE	Archaea_Blood	FALSE	missing	N=78	D=64
GSM1415914	EoE	Archaea_Blood	FALSE	missing	N=78	D=64
GSM1415915	EoE	Archaea_Blood	FALSE	missing	N=78	D=64
GSM1415916	EoE	Archaea_Blood	FALSE	missing	N=78	D=64
GSM1415917	EoE	Archaea_Blood	FALSE	missing	N=78	D=64
GSM1415918	EoE	Archaea_Blood	FALSE	missing	N=78	D=64
GSM1415919	EoE	Archaea_Blood	FALSE	missing	N=78	D=64
GSM1415920	EoE	Archaea_Blood	FALSE	missing	N=78	D=64
GSM1415921	EoE	Archaea_Blood	FALSE	missing	N=78	D=64
GSM3103946	EoE	Archaea_Blood	FALSE	missing	N=78	D=64
GSM3103947	EoE	Archaea_Blood	FALSE	missing	N=78	D=64
GSM3103948	EoE	Archaea_Blood	FALSE	missing	N=78	D=64
GSM3103949	EoE	Archaea_Blood	FALSE	missing	N=78	D=64
GSM3103950	EoE	Archaea_Blood	FALSE	missing	N=78	D=64
GSM3103951	EoE	Archaea_Blood	FALSE	missing	N=78	D=64
GSM3103952	EoE	Archaea_Blood	FALSE	missing	N=78	D=64
GSM3103953	EoE	Archaea_Blood	FALSE	missing	N=78	D=64
GSM3103954	EoE	Archaea_Blood	FALSE	missing	N=78	D=64
GSM3103955	EoE	Archaea_Blood	FALSE	missing	N=78	D=64
GSM4260265	EoE	Archaea_Blood	FALSE	missing	N=78	D=64
GSM4260266	EoE	Archaea_Blood	FALSE	missing	N=78	D=64
GSM4260267	EoE	Archaea_Blood	FALSE	missing	N=78	D=64
GSM4260268	EoE	Archaea_Blood	FALSE	missing	N=78	D=64
GSM4260269	EoE	Archaea_Blood	FALSE	missing	N=78	D=64
GSM4260270	EoE	Archaea_Blood	FALSE	missing	N=78	D=64
GSM4260271	EoE	Archaea_Blood	FALSE	missing	N=78	D=64
GSM4260272	EoE	Archaea_Blood	FALSE	missing	N=78	D=64
GSM4260273	EoE	Archaea_Blood	FALSE	missing	N=78	D=64
GSM4260274	EoE	Archaea_Blood	FALSE	missing	N=78	D=64
GSM4260275	EoE	Archaea_Blood	FALSE	missing	N=78	D=64
GSM4260276	EoE	Archaea_Blood	FALSE	missing	N=78	D=64
GSM4735795	EoE	Archaea_Blood	FALSE	missing	N=78	D=64
GSM4735797	EoE	Archaea_Blood	FALSE	missing	N=78	D=64
GSM4735802	EoE	Archaea_Blood	FALSE	missing	N=78	D=64
GSM4735803	EoE	Archaea_Blood	FALSE	missing	N=78	D=64
GSM4735804	EoE	Archaea_Blood	FALSE	missing	N=78	D=64
GSM4735785	EoE	Archaea_Blood	TRUE	Archaea_Blood	N=78	D=64
GSM4735787	EoE	Archaea_Blood	TRUE	Archaea_Blood	N=78	D=64
GSM4735792	EoE	Archaea_Blood	TRUE	Archaea_Blood	N=78	D=64
GSM4735793	EoE	Archaea_Blood	TRUE	Archaea_Blood	N=78	D=64
GSM4735794	EoE	Archaea_Blood	TRUE	Archaea_Blood	N=78	D=64
GSM5282507	EoE	Archaea_Blood	TRUE	Archaea_Blood	N=78	D=64
GSM5282508	EoE	Archaea_Blood	TRUE	Archaea_Blood	N=78	D=64
GSM5282509	EoE	Archaea_Blood	TRUE	Archaea_Blood	N=78	D=64
GSM5282510	EoE	Archaea_Blood	TRUE	Archaea_Blood	N=78	D=64
GSM5282511	EoE	Archaea_Blood	TRUE	Archaea_Blood	N=78	D=64
GSM5282512	EoE	Archaea_Blood	TRUE	Archaea_Blood	N=78	D=64
GSM5282513	EoE	Archaea_Blood	TRUE	Archaea_Blood	N=78	D=64
GSM5282514	EoE	Archaea_Blood	TRUE	Archaea_Blood	N=78	D=64
GSM5282515	EoE	Archaea_Blood	TRUE	Archaea_Blood	N=78	D=64
GSM5282516	EoE	Archaea_Blood	TRUE	Archaea_Blood	N=78	D=64
GSM5282517	EoE	Archaea_Blood	TRUE	Archaea_Blood	N=78	D=64
GSM5282518	EoE	Archaea_Blood	TRUE	Archaea_Blood	N=78	D=64
GSM5282519	EoE	Archaea_Blood	TRUE	Archaea_Blood	N=78	D=64
GSM5282520	EoE	Archaea_Blood	TRUE	Archaea_Blood	N=78	D=64
GSM5282521	EoE	Archaea_Blood	TRUE	Archaea_Blood	N=78	D=64
GSM5282522	EoE	Archaea_Blood	TRUE	Archaea_Blood	N=78	D=64
GSM5282523	EoE	Archaea_Blood	TRUE	Archaea_Blood	N=78	D=64
GSM5282524	EoE	Archaea_Blood	TRUE	Archaea_Blood	N=78	D=64
GSM5282525	EoE	Archaea_Blood	TRUE	Archaea_Blood	N=78	D=64
GSM5282526	EoE	Archaea_Blood	TRUE	Archaea_Blood	N=78	D=64
GSM5282527	EoE	Archaea_Blood	TRUE	Archaea_Blood	N=78	D=64
GSM5282528	EoE	Archaea_Blood	TRUE	Archaea_Blood	N=78	D=64
GSM5282529	EoE	Archaea_Blood	TRUE	Archaea_Blood	N=78	D=64
GSM5282530	EoE	Archaea_Blood	TRUE	Archaea_Blood	N=78	D=64
GSM5282531	EoE	Archaea_Blood	TRUE	Archaea_Blood	N=78	D=64
GSM5282532	EoE	Archaea_Blood	TRUE	Archaea_Blood	N=78	D=64
GSM5282533	EoE	Archaea_Blood	TRUE	Archaea_Blood	N=78	D=64
GSM5282534	EoE	Archaea_Blood	TRUE	Archaea_Blood	N=78	D=64
GSM5282535	EoE	Archaea_Blood	TRUE	Archaea_Blood	N=78	D=64
GSM5282536	EoE	Archaea_Blood	TRUE	Archaea_Blood	N=78	D=64
GSM1022684	GERD	Archaea_Blood	FALSE	missing	N=14	D=64
GSM1022685	GERD	Archaea_Blood	FALSE	missing	N=14	D=64
GSM1022686	GERD	Archaea_Blood	FALSE	missing	N=14	D=64
GSM1022687	GERD	Archaea_Blood	FALSE	missing	N=14	D=64
GSM1022688	GERD	Archaea_Blood	FALSE	missing	N=14	D=64
GSM1022689	GERD	Archaea_Blood	FALSE	missing	N=14	D=64
GSM4735798	GERD	Archaea_Blood	FALSE	missing	N=14	D=64
GSM4735799	GERD	Archaea_Blood	FALSE	missing	N=14	D=64
GSM4735800	GERD	Archaea_Blood	FALSE	missing	N=14	D=64
GSM4735801	GERD	Archaea_Blood	FALSE	missing	N=14	D=64
GSM4735788	GERD	Archaea_Blood	TRUE	Archaea_Blood	N=14	D=64
GSM4735789	GERD	Archaea_Blood	TRUE	Archaea_Blood	N=14	D=64
GSM4735790	GERD	Archaea_Blood	TRUE	Archaea_Blood	N=14	D=64
GSM4735791	GERD	Archaea_Blood	TRUE	Archaea_Blood	N=14	D=64
GSM1022678	EoE	Archaea_Esophagus	TRUE	Archaea_Esophagus	N=78	D=2
GSM1022679	EoE	Archaea_Esophagus	TRUE	Archaea_Esophagus	N=78	D=2
GSM1022680	EoE	Archaea_Esophagus	TRUE	Archaea_Esophagus	N=78	D=2
GSM1022681	EoE	Archaea_Esophagus	TRUE	Archaea_Esophagus	N=78	D=2
GSM1022682	EoE	Archaea_Esophagus	TRUE	Archaea_Esophagus	N=78	D=2
GSM1022683	EoE	Archaea_Esophagus	TRUE	Archaea_Esophagus	N=78	D=2
GSM1415912	EoE	Archaea_Esophagus	TRUE	Archaea_Esophagus	N=78	D=2
GSM1415913	EoE	Archaea_Esophagus	TRUE	Archaea_Esophagus	N=78	D=2
GSM1415914	EoE	Archaea_Esophagus	TRUE	Archaea_Esophagus	N=78	D=2
GSM1415915	EoE	Archaea_Esophagus	TRUE	Archaea_Esophagus	N=78	D=2
GSM1415916	EoE	Archaea_Esophagus	TRUE	Archaea_Esophagus	N=78	D=2
GSM1415917	EoE	Archaea_Esophagus	TRUE	Archaea_Esophagus	N=78	D=2
GSM1415918	EoE	Archaea_Esophagus	TRUE	Archaea_Esophagus	N=78	D=2
GSM1415919	EoE	Archaea_Esophagus	TRUE	Archaea_Esophagus	N=78	D=2
GSM1415920	EoE	Archaea_Esophagus	TRUE	Archaea_Esophagus	N=78	D=2
GSM1415921	EoE	Archaea_Esophagus	TRUE	Archaea_Esophagus	N=78	D=2
GSM3103946	EoE	Archaea_Esophagus	FALSE	missing	N=78	D=2
GSM3103947	EoE	Archaea_Esophagus	FALSE	missing	N=78	D=2
GSM3103948	EoE	Archaea_Esophagus	FALSE	missing	N=78	D=2
GSM3103949	EoE	Archaea_Esophagus	FALSE	missing	N=78	D=2
GSM3103950	EoE	Archaea_Esophagus	FALSE	missing	N=78	D=2
GSM3103951	EoE	Archaea_Esophagus	FALSE	missing	N=78	D=2
GSM3103952	EoE	Archaea_Esophagus	FALSE	missing	N=78	D=2
GSM3103953	EoE	Archaea_Esophagus	FALSE	missing	N=78	D=2
GSM3103954	EoE	Archaea_Esophagus	FALSE	missing	N=78	D=2
GSM3103955	EoE	Archaea_Esophagus	FALSE	missing	N=78	D=2
GSM4260265	EoE	Archaea_Esophagus	FALSE	missing	N=78	D=2
GSM4260266	EoE	Archaea_Esophagus	FALSE	missing	N=78	D=2
GSM4260267	EoE	Archaea_Esophagus	FALSE	missing	N=78	D=2
GSM4260268	EoE	Archaea_Esophagus	FALSE	missing	N=78	D=2
GSM4260269	EoE	Archaea_Esophagus	FALSE	missing	N=78	D=2
GSM4260270	EoE	Archaea_Esophagus	FALSE	missing	N=78	D=2
GSM4260271	EoE	Archaea_Esophagus	FALSE	missing	N=78	D=2
GSM4260272	EoE	Archaea_Esophagus	FALSE	missing	N=78	D=2
GSM4260273	EoE	Archaea_Esophagus	FALSE	missing	N=78	D=2
GSM4260274	EoE	Archaea_Esophagus	FALSE	missing	N=78	D=2
GSM4260275	EoE	Archaea_Esophagus	FALSE	missing	N=78	D=2
GSM4260276	EoE	Archaea_Esophagus	FALSE	missing	N=78	D=2
GSM4735795	EoE	Archaea_Esophagus	TRUE	Archaea_Esophagus	N=78	D=2
GSM4735797	EoE	Archaea_Esophagus	TRUE	Archaea_Esophagus	N=78	D=2
GSM4735802	EoE	Archaea_Esophagus	TRUE	Archaea_Esophagus	N=78	D=2
GSM4735803	EoE	Archaea_Esophagus	TRUE	Archaea_Esophagus	N=78	D=2
GSM4735804	EoE	Archaea_Esophagus	TRUE	Archaea_Esophagus	N=78	D=2
GSM4735785	EoE	Archaea_Esophagus	FALSE	missing	N=78	D=2
GSM4735787	EoE	Archaea_Esophagus	FALSE	missing	N=78	D=2
GSM4735792	EoE	Archaea_Esophagus	FALSE	missing	N=78	D=2
GSM4735793	EoE	Archaea_Esophagus	FALSE	missing	N=78	D=2
GSM4735794	EoE	Archaea_Esophagus	FALSE	missing	N=78	D=2
GSM5282507	EoE	Archaea_Esophagus	FALSE	missing	N=78	D=2
GSM5282508	EoE	Archaea_Esophagus	FALSE	missing	N=78	D=2
GSM5282509	EoE	Archaea_Esophagus	FALSE	missing	N=78	D=2
GSM5282510	EoE	Archaea_Esophagus	FALSE	missing	N=78	D=2
GSM5282511	EoE	Archaea_Esophagus	FALSE	missing	N=78	D=2
GSM5282512	EoE	Archaea_Esophagus	FALSE	missing	N=78	D=2
GSM5282513	EoE	Archaea_Esophagus	FALSE	missing	N=78	D=2
GSM5282514	EoE	Archaea_Esophagus	FALSE	missing	N=78	D=2
GSM5282515	EoE	Archaea_Esophagus	FALSE	missing	N=78	D=2
GSM5282516	EoE	Archaea_Esophagus	FALSE	missing	N=78	D=2
GSM5282517	EoE	Archaea_Esophagus	FALSE	missing	N=78	D=2
GSM5282518	EoE	Archaea_Esophagus	FALSE	missing	N=78	D=2
GSM5282519	EoE	Archaea_Esophagus	FALSE	missing	N=78	D=2
GSM5282520	EoE	Archaea_Esophagus	FALSE	missing	N=78	D=2
GSM5282521	EoE	Archaea_Esophagus	FALSE	missing	N=78	D=2
GSM5282522	EoE	Archaea_Esophagus	FALSE	missing	N=78	D=2
GSM5282523	EoE	Archaea_Esophagus	FALSE	missing	N=78	D=2
GSM5282524	EoE	Archaea_Esophagus	FALSE	missing	N=78	D=2
GSM5282525	EoE	Archaea_Esophagus	FALSE	missing	N=78	D=2
GSM5282526	EoE	Archaea_Esophagus	FALSE	missing	N=78	D=2
GSM5282527	EoE	Archaea_Esophagus	FALSE	missing	N=78	D=2
GSM5282528	EoE	Archaea_Esophagus	FALSE	missing	N=78	D=2
GSM5282529	EoE	Archaea_Esophagus	FALSE	missing	N=78	D=2
GSM5282530	EoE	Archaea_Esophagus	FALSE	missing	N=78	D=2
GSM5282531	EoE	Archaea_Esophagus	FALSE	missing	N=78	D=2
GSM5282532	EoE	Archaea_Esophagus	FALSE	missing	N=78	D=2
GSM5282533	EoE	Archaea_Esophagus	FALSE	missing	N=78	D=2
GSM5282534	EoE	Archaea_Esophagus	FALSE	missing	N=78	D=2
GSM5282535	EoE	Archaea_Esophagus	FALSE	missing	N=78	D=2
GSM5282536	EoE	Archaea_Esophagus	FALSE	missing	N=78	D=2
GSM1022684	GERD	Archaea_Esophagus	TRUE	Archaea_Esophagus	N=14	D=2
GSM1022685	GERD	Archaea_Esophagus	TRUE	Archaea_Esophagus	N=14	D=2
GSM1022686	GERD	Archaea_Esophagus	TRUE	Archaea_Esophagus	N=14	D=2
GSM1022687	GERD	Archaea_Esophagus	TRUE	Archaea_Esophagus	N=14	D=2
GSM1022688	GERD	Archaea_Esophagus	TRUE	Archaea_Esophagus	N=14	D=2
GSM1022689	GERD	Archaea_Esophagus	TRUE	Archaea_Esophagus	N=14	D=2
GSM4735798	GERD	Archaea_Esophagus	TRUE	Archaea_Esophagus	N=14	D=2
GSM4735799	GERD	Archaea_Esophagus	TRUE	Archaea_Esophagus	N=14	D=2
GSM4735800	GERD	Archaea_Esophagus	TRUE	Archaea_Esophagus	N=14	D=2
GSM4735801	GERD	Archaea_Esophagus	TRUE	Archaea_Esophagus	N=14	D=2
GSM4735788	GERD	Archaea_Esophagus	FALSE	missing	N=14	D=2
GSM4735789	GERD	Archaea_Esophagus	FALSE	missing	N=14	D=2
GSM4735790	GERD	Archaea_Esophagus	FALSE	missing	N=14	D=2
GSM4735791	GERD	Archaea_Esophagus	FALSE	missing	N=14	D=2
GSM1022678	EoE	Bacteria_Blood	FALSE	missing	N=78	D=1415
GSM1022679	EoE	Bacteria_Blood	FALSE	missing	N=78	D=1415
GSM1022680	EoE	Bacteria_Blood	FALSE	missing	N=78	D=1415
GSM1022681	EoE	Bacteria_Blood	FALSE	missing	N=78	D=1415
GSM1022682	EoE	Bacteria_Blood	FALSE	missing	N=78	D=1415
GSM1022683	EoE	Bacteria_Blood	FALSE	missing	N=78	D=1415
GSM1415912	EoE	Bacteria_Blood	FALSE	missing	N=78	D=1415
GSM1415913	EoE	Bacteria_Blood	FALSE	missing	N=78	D=1415
GSM1415914	EoE	Bacteria_Blood	FALSE	missing	N=78	D=1415
GSM1415915	EoE	Bacteria_Blood	FALSE	missing	N=78	D=1415
GSM1415916	EoE	Bacteria_Blood	FALSE	missing	N=78	D=1415
GSM1415917	EoE	Bacteria_Blood	FALSE	missing	N=78	D=1415
GSM1415918	EoE	Bacteria_Blood	FALSE	missing	N=78	D=1415
GSM1415919	EoE	Bacteria_Blood	FALSE	missing	N=78	D=1415
GSM1415920	EoE	Bacteria_Blood	FALSE	missing	N=78	D=1415
GSM1415921	EoE	Bacteria_Blood	FALSE	missing	N=78	D=1415
GSM3103946	EoE	Bacteria_Blood	FALSE	missing	N=78	D=1415
GSM3103947	EoE	Bacteria_Blood	FALSE	missing	N=78	D=1415
GSM3103948	EoE	Bacteria_Blood	FALSE	missing	N=78	D=1415
GSM3103949	EoE	Bacteria_Blood	FALSE	missing	N=78	D=1415
GSM3103950	EoE	Bacteria_Blood	FALSE	missing	N=78	D=1415
GSM3103951	EoE	Bacteria_Blood	FALSE	missing	N=78	D=1415
GSM3103952	EoE	Bacteria_Blood	FALSE	missing	N=78	D=1415
GSM3103953	EoE	Bacteria_Blood	FALSE	missing	N=78	D=1415
GSM3103954	EoE	Bacteria_Blood	FALSE	missing	N=78	D=1415
GSM3103955	EoE	Bacteria_Blood	FALSE	missing	N=78	D=1415
GSM4260265	EoE	Bacteria_Blood	FALSE	missing	N=78	D=1415
GSM4260266	EoE	Bacteria_Blood	FALSE	missing	N=78	D=1415
GSM4260267	EoE	Bacteria_Blood	FALSE	missing	N=78	D=1415
GSM4260268	EoE	Bacteria_Blood	FALSE	missing	N=78	D=1415
GSM4260269	EoE	Bacteria_Blood	FALSE	missing	N=78	D=1415
GSM4260270	EoE	Bacteria_Blood	FALSE	missing	N=78	D=1415
GSM4260271	EoE	Bacteria_Blood	FALSE	missing	N=78	D=1415
GSM4260272	EoE	Bacteria_Blood	FALSE	missing	N=78	D=1415
GSM4260273	EoE	Bacteria_Blood	FALSE	missing	N=78	D=1415
GSM4260274	EoE	Bacteria_Blood	FALSE	missing	N=78	D=1415
GSM4260275	EoE	Bacteria_Blood	FALSE	missing	N=78	D=1415
GSM4260276	EoE	Bacteria_Blood	FALSE	missing	N=78	D=1415
GSM4735795	EoE	Bacteria_Blood	FALSE	missing	N=78	D=1415
GSM4735797	EoE	Bacteria_Blood	FALSE	missing	N=78	D=1415
GSM4735802	EoE	Bacteria_Blood	FALSE	missing	N=78	D=1415
GSM4735803	EoE	Bacteria_Blood	FALSE	missing	N=78	D=1415
GSM4735804	EoE	Bacteria_Blood	FALSE	missing	N=78	D=1415
GSM4735785	EoE	Bacteria_Blood	TRUE	Bacteria_Blood	N=78	D=1415
GSM4735787	EoE	Bacteria_Blood	TRUE	Bacteria_Blood	N=78	D=1415
GSM4735792	EoE	Bacteria_Blood	TRUE	Bacteria_Blood	N=78	D=1415
GSM4735793	EoE	Bacteria_Blood	TRUE	Bacteria_Blood	N=78	D=1415
GSM4735794	EoE	Bacteria_Blood	TRUE	Bacteria_Blood	N=78	D=1415
GSM5282507	EoE	Bacteria_Blood	TRUE	Bacteria_Blood	N=78	D=1415
GSM5282508	EoE	Bacteria_Blood	TRUE	Bacteria_Blood	N=78	D=1415
GSM5282509	EoE	Bacteria_Blood	TRUE	Bacteria_Blood	N=78	D=1415
GSM5282510	EoE	Bacteria_Blood	TRUE	Bacteria_Blood	N=78	D=1415
GSM5282511	EoE	Bacteria_Blood	TRUE	Bacteria_Blood	N=78	D=1415
GSM5282512	EoE	Bacteria_Blood	TRUE	Bacteria_Blood	N=78	D=1415
GSM5282513	EoE	Bacteria_Blood	TRUE	Bacteria_Blood	N=78	D=1415
GSM5282514	EoE	Bacteria_Blood	TRUE	Bacteria_Blood	N=78	D=1415
GSM5282515	EoE	Bacteria_Blood	TRUE	Bacteria_Blood	N=78	D=1415
GSM5282516	EoE	Bacteria_Blood	TRUE	Bacteria_Blood	N=78	D=1415
GSM5282517	EoE	Bacteria_Blood	TRUE	Bacteria_Blood	N=78	D=1415
GSM5282518	EoE	Bacteria_Blood	TRUE	Bacteria_Blood	N=78	D=1415
GSM5282519	EoE	Bacteria_Blood	TRUE	Bacteria_Blood	N=78	D=1415
GSM5282520	EoE	Bacteria_Blood	TRUE	Bacteria_Blood	N=78	D=1415
GSM5282521	EoE	Bacteria_Blood	TRUE	Bacteria_Blood	N=78	D=1415
GSM5282522	EoE	Bacteria_Blood	TRUE	Bacteria_Blood	N=78	D=1415
GSM5282523	EoE	Bacteria_Blood	TRUE	Bacteria_Blood	N=78	D=1415
GSM5282524	EoE	Bacteria_Blood	TRUE	Bacteria_Blood	N=78	D=1415
GSM5282525	EoE	Bacteria_Blood	TRUE	Bacteria_Blood	N=78	D=1415
GSM5282526	EoE	Bacteria_Blood	TRUE	Bacteria_Blood	N=78	D=1415
GSM5282527	EoE	Bacteria_Blood	TRUE	Bacteria_Blood	N=78	D=1415
GSM5282528	EoE	Bacteria_Blood	TRUE	Bacteria_Blood	N=78	D=1415
GSM5282529	EoE	Bacteria_Blood	TRUE	Bacteria_Blood	N=78	D=1415
GSM5282530	EoE	Bacteria_Blood	TRUE	Bacteria_Blood	N=78	D=1415
GSM5282531	EoE	Bacteria_Blood	TRUE	Bacteria_Blood	N=78	D=1415
GSM5282532	EoE	Bacteria_Blood	TRUE	Bacteria_Blood	N=78	D=1415
GSM5282533	EoE	Bacteria_Blood	TRUE	Bacteria_Blood	N=78	D=1415
GSM5282534	EoE	Bacteria_Blood	TRUE	Bacteria_Blood	N=78	D=1415
GSM5282535	EoE	Bacteria_Blood	TRUE	Bacteria_Blood	N=78	D=1415
GSM5282536	EoE	Bacteria_Blood	TRUE	Bacteria_Blood	N=78	D=1415
GSM1022684	GERD	Bacteria_Blood	FALSE	missing	N=14	D=1415
GSM1022685	GERD	Bacteria_Blood	FALSE	missing	N=14	D=1415
GSM1022686	GERD	Bacteria_Blood	FALSE	missing	N=14	D=1415
GSM1022687	GERD	Bacteria_Blood	FALSE	missing	N=14	D=1415
GSM1022688	GERD	Bacteria_Blood	FALSE	missing	N=14	D=1415
GSM1022689	GERD	Bacteria_Blood	FALSE	missing	N=14	D=1415
GSM4735798	GERD	Bacteria_Blood	FALSE	missing	N=14	D=1415
GSM4735799	GERD	Bacteria_Blood	FALSE	missing	N=14	D=1415
GSM4735800	GERD	Bacteria_Blood	FALSE	missing	N=14	D=1415
GSM4735801	GERD	Bacteria_Blood	FALSE	missing	N=14	D=1415
GSM4735788	GERD	Bacteria_Blood	TRUE	Bacteria_Blood	N=14	D=1415
GSM4735789	GERD	Bacteria_Blood	TRUE	Bacteria_Blood	N=14	D=1415
GSM4735790	GERD	Bacteria_Blood	TRUE	Bacteria_Blood	N=14	D=1415
GSM4735791	GERD	Bacteria_Blood	TRUE	Bacteria_Blood	N=14	D=1415
GSM1022678	EoE	Bacteria_Esophagus	TRUE	Bacteria_Esophagus	N=78	D=40
GSM1022679	EoE	Bacteria_Esophagus	TRUE	Bacteria_Esophagus	N=78	D=40
GSM1022680	EoE	Bacteria_Esophagus	TRUE	Bacteria_Esophagus	N=78	D=40
GSM1022681	EoE	Bacteria_Esophagus	TRUE	Bacteria_Esophagus	N=78	D=40
GSM1022682	EoE	Bacteria_Esophagus	TRUE	Bacteria_Esophagus	N=78	D=40
GSM1022683	EoE	Bacteria_Esophagus	TRUE	Bacteria_Esophagus	N=78	D=40
GSM1415912	EoE	Bacteria_Esophagus	TRUE	Bacteria_Esophagus	N=78	D=40
GSM1415913	EoE	Bacteria_Esophagus	TRUE	Bacteria_Esophagus	N=78	D=40
GSM1415914	EoE	Bacteria_Esophagus	TRUE	Bacteria_Esophagus	N=78	D=40
GSM1415915	EoE	Bacteria_Esophagus	TRUE	Bacteria_Esophagus	N=78	D=40
GSM1415916	EoE	Bacteria_Esophagus	TRUE	Bacteria_Esophagus	N=78	D=40
GSM1415917	EoE	Bacteria_Esophagus	TRUE	Bacteria_Esophagus	N=78	D=40
GSM1415918	EoE	Bacteria_Esophagus	TRUE	Bacteria_Esophagus	N=78	D=40
GSM1415919	EoE	Bacteria_Esophagus	TRUE	Bacteria_Esophagus	N=78	D=40
GSM1415920	EoE	Bacteria_Esophagus	TRUE	Bacteria_Esophagus	N=78	D=40
GSM1415921	EoE	Bacteria_Esophagus	TRUE	Bacteria_Esophagus	N=78	D=40
GSM3103946	EoE	Bacteria_Esophagus	FALSE	missing	N=78	D=40
GSM3103947	EoE	Bacteria_Esophagus	FALSE	missing	N=78	D=40
GSM3103948	EoE	Bacteria_Esophagus	FALSE	missing	N=78	D=40
GSM3103949	EoE	Bacteria_Esophagus	FALSE	missing	N=78	D=40
GSM3103950	EoE	Bacteria_Esophagus	FALSE	missing	N=78	D=40
GSM3103951	EoE	Bacteria_Esophagus	FALSE	missing	N=78	D=40
GSM3103952	EoE	Bacteria_Esophagus	FALSE	missing	N=78	D=40
GSM3103953	EoE	Bacteria_Esophagus	FALSE	missing	N=78	D=40
GSM3103954	EoE	Bacteria_Esophagus	FALSE	missing	N=78	D=40
GSM3103955	EoE	Bacteria_Esophagus	FALSE	missing	N=78	D=40
GSM4260265	EoE	Bacteria_Esophagus	FALSE	missing	N=78	D=40
GSM4260266	EoE	Bacteria_Esophagus	FALSE	missing	N=78	D=40
GSM4260267	EoE	Bacteria_Esophagus	FALSE	missing	N=78	D=40
GSM4260268	EoE	Bacteria_Esophagus	FALSE	missing	N=78	D=40
GSM4260269	EoE	Bacteria_Esophagus	FALSE	missing	N=78	D=40
GSM4260270	EoE	Bacteria_Esophagus	FALSE	missing	N=78	D=40
GSM4260271	EoE	Bacteria_Esophagus	FALSE	missing	N=78	D=40
GSM4260272	EoE	Bacteria_Esophagus	FALSE	missing	N=78	D=40
GSM4260273	EoE	Bacteria_Esophagus	FALSE	missing	N=78	D=40
GSM4260274	EoE	Bacteria_Esophagus	FALSE	missing	N=78	D=40
GSM4260275	EoE	Bacteria_Esophagus	FALSE	missing	N=78	D=40
GSM4260276	EoE	Bacteria_Esophagus	FALSE	missing	N=78	D=40
GSM4735795	EoE	Bacteria_Esophagus	TRUE	Bacteria_Esophagus	N=78	D=40
GSM4735797	EoE	Bacteria_Esophagus	TRUE	Bacteria_Esophagus	N=78	D=40
GSM4735802	EoE	Bacteria_Esophagus	TRUE	Bacteria_Esophagus	N=78	D=40
GSM4735803	EoE	Bacteria_Esophagus	TRUE	Bacteria_Esophagus	N=78	D=40
GSM4735804	EoE	Bacteria_Esophagus	TRUE	Bacteria_Esophagus	N=78	D=40
GSM4735785	EoE	Bacteria_Esophagus	FALSE	missing	N=78	D=40
GSM4735787	EoE	Bacteria_Esophagus	FALSE	missing	N=78	D=40
GSM4735792	EoE	Bacteria_Esophagus	FALSE	missing	N=78	D=40
GSM4735793	EoE	Bacteria_Esophagus	FALSE	missing	N=78	D=40
GSM4735794	EoE	Bacteria_Esophagus	FALSE	missing	N=78	D=40
GSM5282507	EoE	Bacteria_Esophagus	FALSE	missing	N=78	D=40
GSM5282508	EoE	Bacteria_Esophagus	FALSE	missing	N=78	D=40
GSM5282509	EoE	Bacteria_Esophagus	FALSE	missing	N=78	D=40
GSM5282510	EoE	Bacteria_Esophagus	FALSE	missing	N=78	D=40
GSM5282511	EoE	Bacteria_Esophagus	FALSE	missing	N=78	D=40
GSM5282512	EoE	Bacteria_Esophagus	FALSE	missing	N=78	D=40
GSM5282513	EoE	Bacteria_Esophagus	FALSE	missing	N=78	D=40
GSM5282514	EoE	Bacteria_Esophagus	FALSE	missing	N=78	D=40
GSM5282515	EoE	Bacteria_Esophagus	FALSE	missing	N=78	D=40
GSM5282516	EoE	Bacteria_Esophagus	FALSE	missing	N=78	D=40
GSM5282517	EoE	Bacteria_Esophagus	FALSE	missing	N=78	D=40
GSM5282518	EoE	Bacteria_Esophagus	FALSE	missing	N=78	D=40
GSM5282519	EoE	Bacteria_Esophagus	FALSE	missing	N=78	D=40
GSM5282520	EoE	Bacteria_Esophagus	FALSE	missing	N=78	D=40
GSM5282521	EoE	Bacteria_Esophagus	FALSE	missing	N=78	D=40
GSM5282522	EoE	Bacteria_Esophagus	FALSE	missing	N=78	D=40
GSM5282523	EoE	Bacteria_Esophagus	FALSE	missing	N=78	D=40
GSM5282524	EoE	Bacteria_Esophagus	FALSE	missing	N=78	D=40
GSM5282525	EoE	Bacteria_Esophagus	FALSE	missing	N=78	D=40
GSM5282526	EoE	Bacteria_Esophagus	FALSE	missing	N=78	D=40
GSM5282527	EoE	Bacteria_Esophagus	FALSE	missing	N=78	D=40
GSM5282528	EoE	Bacteria_Esophagus	FALSE	missing	N=78	D=40
GSM5282529	EoE	Bacteria_Esophagus	FALSE	missing	N=78	D=40
GSM5282530	EoE	Bacteria_Esophagus	FALSE	missing	N=78	D=40
GSM5282531	EoE	Bacteria_Esophagus	FALSE	missing	N=78	D=40
GSM5282532	EoE	Bacteria_Esophagus	FALSE	missing	N=78	D=40
GSM5282533	EoE	Bacteria_Esophagus	FALSE	missing	N=78	D=40
GSM5282534	EoE	Bacteria_Esophagus	FALSE	missing	N=78	D=40
GSM5282535	EoE	Bacteria_Esophagus	FALSE	missing	N=78	D=40
GSM5282536	EoE	Bacteria_Esophagus	FALSE	missing	N=78	D=40
GSM1022684	GERD	Bacteria_Esophagus	TRUE	Bacteria_Esophagus	N=14	D=40
GSM1022685	GERD	Bacteria_Esophagus	TRUE	Bacteria_Esophagus	N=14	D=40
GSM1022686	GERD	Bacteria_Esophagus	TRUE	Bacteria_Esophagus	N=14	D=40
GSM1022687	GERD	Bacteria_Esophagus	TRUE	Bacteria_Esophagus	N=14	D=40
GSM1022688	GERD	Bacteria_Esophagus	TRUE	Bacteria_Esophagus	N=14	D=40
GSM1022689	GERD	Bacteria_Esophagus	TRUE	Bacteria_Esophagus	N=14	D=40
GSM4735798	GERD	Bacteria_Esophagus	TRUE	Bacteria_Esophagus	N=14	D=40
GSM4735799	GERD	Bacteria_Esophagus	TRUE	Bacteria_Esophagus	N=14	D=40
GSM4735800	GERD	Bacteria_Esophagus	TRUE	Bacteria_Esophagus	N=14	D=40
GSM4735801	GERD	Bacteria_Esophagus	TRUE	Bacteria_Esophagus	N=14	D=40
GSM4735788	GERD	Bacteria_Esophagus	FALSE	missing	N=14	D=40
GSM4735789	GERD	Bacteria_Esophagus	FALSE	missing	N=14	D=40
GSM4735790	GERD	Bacteria_Esophagus	FALSE	missing	N=14	D=40
GSM4735791	GERD	Bacteria_Esophagus	FALSE	missing	N=14	D=40
GSM1022678	EoE	Fungi_Blood	FALSE	missing	N=78	D=15
GSM1022679	EoE	Fungi_Blood	FALSE	missing	N=78	D=15
GSM1022680	EoE	Fungi_Blood	FALSE	missing	N=78	D=15
GSM1022681	EoE	Fungi_Blood	FALSE	missing	N=78	D=15
GSM1022682	EoE	Fungi_Blood	FALSE	missing	N=78	D=15
GSM1022683	EoE	Fungi_Blood	FALSE	missing	N=78	D=15
GSM1415912	EoE	Fungi_Blood	FALSE	missing	N=78	D=15
GSM1415913	EoE	Fungi_Blood	FALSE	missing	N=78	D=15
GSM1415914	EoE	Fungi_Blood	FALSE	missing	N=78	D=15
GSM1415915	EoE	Fungi_Blood	FALSE	missing	N=78	D=15
GSM1415916	EoE	Fungi_Blood	FALSE	missing	N=78	D=15
GSM1415917	EoE	Fungi_Blood	FALSE	missing	N=78	D=15
GSM1415918	EoE	Fungi_Blood	FALSE	missing	N=78	D=15
GSM1415919	EoE	Fungi_Blood	FALSE	missing	N=78	D=15
GSM1415920	EoE	Fungi_Blood	FALSE	missing	N=78	D=15
GSM1415921	EoE	Fungi_Blood	FALSE	missing	N=78	D=15
GSM3103946	EoE	Fungi_Blood	FALSE	missing	N=78	D=15
GSM3103947	EoE	Fungi_Blood	FALSE	missing	N=78	D=15
GSM3103948	EoE	Fungi_Blood	FALSE	missing	N=78	D=15
GSM3103949	EoE	Fungi_Blood	FALSE	missing	N=78	D=15
GSM3103950	EoE	Fungi_Blood	FALSE	missing	N=78	D=15
GSM3103951	EoE	Fungi_Blood	FALSE	missing	N=78	D=15
GSM3103952	EoE	Fungi_Blood	FALSE	missing	N=78	D=15
GSM3103953	EoE	Fungi_Blood	FALSE	missing	N=78	D=15
GSM3103954	EoE	Fungi_Blood	FALSE	missing	N=78	D=15
GSM3103955	EoE	Fungi_Blood	FALSE	missing	N=78	D=15
GSM4260265	EoE	Fungi_Blood	FALSE	missing	N=78	D=15
GSM4260266	EoE	Fungi_Blood	FALSE	missing	N=78	D=15
GSM4260267	EoE	Fungi_Blood	FALSE	missing	N=78	D=15
GSM4260268	EoE	Fungi_Blood	FALSE	missing	N=78	D=15
GSM4260269	EoE	Fungi_Blood	FALSE	missing	N=78	D=15
GSM4260270	EoE	Fungi_Blood	FALSE	missing	N=78	D=15
GSM4260271	EoE	Fungi_Blood	FALSE	missing	N=78	D=15
GSM4260272	EoE	Fungi_Blood	FALSE	missing	N=78	D=15
GSM4260273	EoE	Fungi_Blood	FALSE	missing	N=78	D=15
GSM4260274	EoE	Fungi_Blood	FALSE	missing	N=78	D=15
GSM4260275	EoE	Fungi_Blood	FALSE	missing	N=78	D=15
GSM4260276	EoE	Fungi_Blood	FALSE	missing	N=78	D=15
GSM4735795	EoE	Fungi_Blood	FALSE	missing	N=78	D=15
GSM4735797	EoE	Fungi_Blood	FALSE	missing	N=78	D=15
GSM4735802	EoE	Fungi_Blood	FALSE	missing	N=78	D=15
GSM4735803	EoE	Fungi_Blood	FALSE	missing	N=78	D=15
GSM4735804	EoE	Fungi_Blood	FALSE	missing	N=78	D=15
GSM4735785	EoE	Fungi_Blood	TRUE	Fungi_Blood	N=78	D=15
GSM4735787	EoE	Fungi_Blood	TRUE	Fungi_Blood	N=78	D=15
GSM4735792	EoE	Fungi_Blood	TRUE	Fungi_Blood	N=78	D=15
GSM4735793	EoE	Fungi_Blood	TRUE	Fungi_Blood	N=78	D=15
GSM4735794	EoE	Fungi_Blood	TRUE	Fungi_Blood	N=78	D=15
GSM5282507	EoE	Fungi_Blood	TRUE	Fungi_Blood	N=78	D=15
GSM5282508	EoE	Fungi_Blood	TRUE	Fungi_Blood	N=78	D=15
GSM5282509	EoE	Fungi_Blood	TRUE	Fungi_Blood	N=78	D=15
GSM5282510	EoE	Fungi_Blood	TRUE	Fungi_Blood	N=78	D=15
GSM5282511	EoE	Fungi_Blood	TRUE	Fungi_Blood	N=78	D=15
GSM5282512	EoE	Fungi_Blood	TRUE	Fungi_Blood	N=78	D=15
GSM5282513	EoE	Fungi_Blood	TRUE	Fungi_Blood	N=78	D=15
GSM5282514	EoE	Fungi_Blood	TRUE	Fungi_Blood	N=78	D=15
GSM5282515	EoE	Fungi_Blood	TRUE	Fungi_Blood	N=78	D=15
GSM5282516	EoE	Fungi_Blood	TRUE	Fungi_Blood	N=78	D=15
GSM5282517	EoE	Fungi_Blood	TRUE	Fungi_Blood	N=78	D=15
GSM5282518	EoE	Fungi_Blood	TRUE	Fungi_Blood	N=78	D=15
GSM5282519	EoE	Fungi_Blood	TRUE	Fungi_Blood	N=78	D=15
GSM5282520	EoE	Fungi_Blood	TRUE	Fungi_Blood	N=78	D=15
GSM5282521	EoE	Fungi_Blood	TRUE	Fungi_Blood	N=78	D=15
GSM5282522	EoE	Fungi_Blood	TRUE	Fungi_Blood	N=78	D=15
GSM5282523	EoE	Fungi_Blood	TRUE	Fungi_Blood	N=78	D=15
GSM5282524	EoE	Fungi_Blood	TRUE	Fungi_Blood	N=78	D=15
GSM5282525	EoE	Fungi_Blood	TRUE	Fungi_Blood	N=78	D=15
GSM5282526	EoE	Fungi_Blood	TRUE	Fungi_Blood	N=78	D=15
GSM5282527	EoE	Fungi_Blood	TRUE	Fungi_Blood	N=78	D=15
GSM5282528	EoE	Fungi_Blood	TRUE	Fungi_Blood	N=78	D=15
GSM5282529	EoE	Fungi_Blood	TRUE	Fungi_Blood	N=78	D=15
GSM5282530	EoE	Fungi_Blood	TRUE	Fungi_Blood	N=78	D=15
GSM5282531	EoE	Fungi_Blood	TRUE	Fungi_Blood	N=78	D=15
GSM5282532	EoE	Fungi_Blood	TRUE	Fungi_Blood	N=78	D=15
GSM5282533	EoE	Fungi_Blood	TRUE	Fungi_Blood	N=78	D=15
GSM5282534	EoE	Fungi_Blood	TRUE	Fungi_Blood	N=78	D=15
GSM5282535	EoE	Fungi_Blood	TRUE	Fungi_Blood	N=78	D=15
GSM5282536	EoE	Fungi_Blood	TRUE	Fungi_Blood	N=78	D=15
GSM1022684	GERD	Fungi_Blood	FALSE	missing	N=14	D=15
GSM1022685	GERD	Fungi_Blood	FALSE	missing	N=14	D=15
GSM1022686	GERD	Fungi_Blood	FALSE	missing	N=14	D=15
GSM1022687	GERD	Fungi_Blood	FALSE	missing	N=14	D=15
GSM1022688	GERD	Fungi_Blood	FALSE	missing	N=14	D=15
GSM1022689	GERD	Fungi_Blood	FALSE	missing	N=14	D=15
GSM4735798	GERD	Fungi_Blood	FALSE	missing	N=14	D=15
GSM4735799	GERD	Fungi_Blood	FALSE	missing	N=14	D=15
GSM4735800	GERD	Fungi_Blood	FALSE	missing	N=14	D=15
GSM4735801	GERD	Fungi_Blood	FALSE	missing	N=14	D=15
GSM4735788	GERD	Fungi_Blood	TRUE	Fungi_Blood	N=14	D=15
GSM4735789	GERD	Fungi_Blood	TRUE	Fungi_Blood	N=14	D=15
GSM4735790	GERD	Fungi_Blood	TRUE	Fungi_Blood	N=14	D=15
GSM4735791	GERD	Fungi_Blood	TRUE	Fungi_Blood	N=14	D=15
GSM1022678	EoE	Fungi_Esophagus	TRUE	Fungi_Esophagus	N=78	D=15
GSM1022679	EoE	Fungi_Esophagus	TRUE	Fungi_Esophagus	N=78	D=15
GSM1022680	EoE	Fungi_Esophagus	TRUE	Fungi_Esophagus	N=78	D=15
GSM1022681	EoE	Fungi_Esophagus	TRUE	Fungi_Esophagus	N=78	D=15
GSM1022682	EoE	Fungi_Esophagus	TRUE	Fungi_Esophagus	N=78	D=15
GSM1022683	EoE	Fungi_Esophagus	TRUE	Fungi_Esophagus	N=78	D=15
GSM1415912	EoE	Fungi_Esophagus	TRUE	Fungi_Esophagus	N=78	D=15
GSM1415913	EoE	Fungi_Esophagus	TRUE	Fungi_Esophagus	N=78	D=15
GSM1415914	EoE	Fungi_Esophagus	TRUE	Fungi_Esophagus	N=78	D=15
GSM1415915	EoE	Fungi_Esophagus	TRUE	Fungi_Esophagus	N=78	D=15
GSM1415916	EoE	Fungi_Esophagus	TRUE	Fungi_Esophagus	N=78	D=15
GSM1415917	EoE	Fungi_Esophagus	TRUE	Fungi_Esophagus	N=78	D=15
GSM1415918	EoE	Fungi_Esophagus	TRUE	Fungi_Esophagus	N=78	D=15
GSM1415919	EoE	Fungi_Esophagus	TRUE	Fungi_Esophagus	N=78	D=15
GSM1415920	EoE	Fungi_Esophagus	TRUE	Fungi_Esophagus	N=78	D=15
GSM1415921	EoE	Fungi_Esophagus	TRUE	Fungi_Esophagus	N=78	D=15
GSM3103946	EoE	Fungi_Esophagus	FALSE	missing	N=78	D=15
GSM3103947	EoE	Fungi_Esophagus	FALSE	missing	N=78	D=15
GSM3103948	EoE	Fungi_Esophagus	FALSE	missing	N=78	D=15
GSM3103949	EoE	Fungi_Esophagus	FALSE	missing	N=78	D=15
GSM3103950	EoE	Fungi_Esophagus	FALSE	missing	N=78	D=15
GSM3103951	EoE	Fungi_Esophagus	FALSE	missing	N=78	D=15
GSM3103952	EoE	Fungi_Esophagus	FALSE	missing	N=78	D=15
GSM3103953	EoE	Fungi_Esophagus	FALSE	missing	N=78	D=15
GSM3103954	EoE	Fungi_Esophagus	FALSE	missing	N=78	D=15
GSM3103955	EoE	Fungi_Esophagus	FALSE	missing	N=78	D=15
GSM4260265	EoE	Fungi_Esophagus	FALSE	missing	N=78	D=15
GSM4260266	EoE	Fungi_Esophagus	FALSE	missing	N=78	D=15
GSM4260267	EoE	Fungi_Esophagus	FALSE	missing	N=78	D=15
GSM4260268	EoE	Fungi_Esophagus	FALSE	missing	N=78	D=15
GSM4260269	EoE	Fungi_Esophagus	FALSE	missing	N=78	D=15
GSM4260270	EoE	Fungi_Esophagus	FALSE	missing	N=78	D=15
GSM4260271	EoE	Fungi_Esophagus	FALSE	missing	N=78	D=15
GSM4260272	EoE	Fungi_Esophagus	FALSE	missing	N=78	D=15
GSM4260273	EoE	Fungi_Esophagus	FALSE	missing	N=78	D=15
GSM4260274	EoE	Fungi_Esophagus	FALSE	missing	N=78	D=15
GSM4260275	EoE	Fungi_Esophagus	FALSE	missing	N=78	D=15
GSM4260276	EoE	Fungi_Esophagus	FALSE	missing	N=78	D=15
GSM4735795	EoE	Fungi_Esophagus	TRUE	Fungi_Esophagus	N=78	D=15
GSM4735797	EoE	Fungi_Esophagus	TRUE	Fungi_Esophagus	N=78	D=15
GSM4735802	EoE	Fungi_Esophagus	TRUE	Fungi_Esophagus	N=78	D=15
GSM4735803	EoE	Fungi_Esophagus	TRUE	Fungi_Esophagus	N=78	D=15
GSM4735804	EoE	Fungi_Esophagus	TRUE	Fungi_Esophagus	N=78	D=15
GSM4735785	EoE	Fungi_Esophagus	FALSE	missing	N=78	D=15
GSM4735787	EoE	Fungi_Esophagus	FALSE	missing	N=78	D=15
GSM4735792	EoE	Fungi_Esophagus	FALSE	missing	N=78	D=15
GSM4735793	EoE	Fungi_Esophagus	FALSE	missing	N=78	D=15
GSM4735794	EoE	Fungi_Esophagus	FALSE	missing	N=78	D=15
GSM5282507	EoE	Fungi_Esophagus	FALSE	missing	N=78	D=15
GSM5282508	EoE	Fungi_Esophagus	FALSE	missing	N=78	D=15
GSM5282509	EoE	Fungi_Esophagus	FALSE	missing	N=78	D=15
GSM5282510	EoE	Fungi_Esophagus	FALSE	missing	N=78	D=15
GSM5282511	EoE	Fungi_Esophagus	FALSE	missing	N=78	D=15
GSM5282512	EoE	Fungi_Esophagus	FALSE	missing	N=78	D=15
GSM5282513	EoE	Fungi_Esophagus	FALSE	missing	N=78	D=15
GSM5282514	EoE	Fungi_Esophagus	FALSE	missing	N=78	D=15
GSM5282515	EoE	Fungi_Esophagus	FALSE	missing	N=78	D=15
GSM5282516	EoE	Fungi_Esophagus	FALSE	missing	N=78	D=15
GSM5282517	EoE	Fungi_Esophagus	FALSE	missing	N=78	D=15
GSM5282518	EoE	Fungi_Esophagus	FALSE	missing	N=78	D=15
GSM5282519	EoE	Fungi_Esophagus	FALSE	missing	N=78	D=15
GSM5282520	EoE	Fungi_Esophagus	FALSE	missing	N=78	D=15
GSM5282521	EoE	Fungi_Esophagus	FALSE	missing	N=78	D=15
GSM5282522	EoE	Fungi_Esophagus	FALSE	missing	N=78	D=15
GSM5282523	EoE	Fungi_Esophagus	FALSE	missing	N=78	D=15
GSM5282524	EoE	Fungi_Esophagus	FALSE	missing	N=78	D=15
GSM5282525	EoE	Fungi_Esophagus	FALSE	missing	N=78	D=15
GSM5282526	EoE	Fungi_Esophagus	FALSE	missing	N=78	D=15
GSM5282527	EoE	Fungi_Esophagus	FALSE	missing	N=78	D=15
GSM5282528	EoE	Fungi_Esophagus	FALSE	missing	N=78	D=15
GSM5282529	EoE	Fungi_Esophagus	FALSE	missing	N=78	D=15
GSM5282530	EoE	Fungi_Esophagus	FALSE	missing	N=78	D=15
GSM5282531	EoE	Fungi_Esophagus	FALSE	missing	N=78	D=15
GSM5282532	EoE	Fungi_Esophagus	FALSE	missing	N=78	D=15
GSM5282533	EoE	Fungi_Esophagus	FALSE	missing	N=78	D=15
GSM5282534	EoE	Fungi_Esophagus	FALSE	missing	N=78	D=15
GSM5282535	EoE	Fungi_Esophagus	FALSE	missing	N=78	D=15
GSM5282536	EoE	Fungi_Esophagus	FALSE	missing	N=78	D=15
GSM1022684	GERD	Fungi_Esophagus	TRUE	Fungi_Esophagus	N=14	D=15
GSM1022685	GERD	Fungi_Esophagus	TRUE	Fungi_Esophagus	N=14	D=15
GSM1022686	GERD	Fungi_Esophagus	TRUE	Fungi_Esophagus	N=14	D=15
GSM1022687	GERD	Fungi_Esophagus	TRUE	Fungi_Esophagus	N=14	D=15
GSM1022688	GERD	Fungi_Esophagus	TRUE	Fungi_Esophagus	N=14	D=15
GSM1022689	GERD	Fungi_Esophagus	TRUE	Fungi_Esophagus	N=14	D=15
GSM4735798	GERD	Fungi_Esophagus	TRUE	Fungi_Esophagus	N=14	D=15
GSM4735799	GERD	Fungi_Esophagus	TRUE	Fungi_Esophagus	N=14	D=15
GSM4735800	GERD	Fungi_Esophagus	TRUE	Fungi_Esophagus	N=14	D=15
GSM4735801	GERD	Fungi_Esophagus	TRUE	Fungi_Esophagus	N=14	D=15
GSM4735788	GERD	Fungi_Esophagus	FALSE	missing	N=14	D=15
GSM4735789	GERD	Fungi_Esophagus	FALSE	missing	N=14	D=15
GSM4735790	GERD	Fungi_Esophagus	FALSE	missing	N=14	D=15
GSM4735791	GERD	Fungi_Esophagus	FALSE	missing	N=14	D=15
GSM1022678	EoE	Human_Blood	FALSE	missing	N=78	D=11096
GSM1022679	EoE	Human_Blood	FALSE	missing	N=78	D=11096
GSM1022680	EoE	Human_Blood	FALSE	missing	N=78	D=11096
GSM1022681	EoE	Human_Blood	FALSE	missing	N=78	D=11096
GSM1022682	EoE	Human_Blood	FALSE	missing	N=78	D=11096
GSM1022683	EoE	Human_Blood	FALSE	missing	N=78	D=11096
GSM1415912	EoE	Human_Blood	FALSE	missing	N=78	D=11096
GSM1415913	EoE	Human_Blood	FALSE	missing	N=78	D=11096
GSM1415914	EoE	Human_Blood	FALSE	missing	N=78	D=11096
GSM1415915	EoE	Human_Blood	FALSE	missing	N=78	D=11096
GSM1415916	EoE	Human_Blood	FALSE	missing	N=78	D=11096
GSM1415917	EoE	Human_Blood	FALSE	missing	N=78	D=11096
GSM1415918	EoE	Human_Blood	FALSE	missing	N=78	D=11096
GSM1415919	EoE	Human_Blood	FALSE	missing	N=78	D=11096
GSM1415920	EoE	Human_Blood	FALSE	missing	N=78	D=11096
GSM1415921	EoE	Human_Blood	FALSE	missing	N=78	D=11096
GSM3103946	EoE	Human_Blood	FALSE	missing	N=78	D=11096
GSM3103947	EoE	Human_Blood	FALSE	missing	N=78	D=11096
GSM3103948	EoE	Human_Blood	FALSE	missing	N=78	D=11096
GSM3103949	EoE	Human_Blood	FALSE	missing	N=78	D=11096
GSM3103950	EoE	Human_Blood	FALSE	missing	N=78	D=11096
GSM3103951	EoE	Human_Blood	FALSE	missing	N=78	D=11096
GSM3103952	EoE	Human_Blood	FALSE	missing	N=78	D=11096
GSM3103953	EoE	Human_Blood	FALSE	missing	N=78	D=11096
GSM3103954	EoE	Human_Blood	FALSE	missing	N=78	D=11096
GSM3103955	EoE	Human_Blood	FALSE	missing	N=78	D=11096
GSM4260265	EoE	Human_Blood	FALSE	missing	N=78	D=11096
GSM4260266	EoE	Human_Blood	FALSE	missing	N=78	D=11096
GSM4260267	EoE	Human_Blood	FALSE	missing	N=78	D=11096
GSM4260268	EoE	Human_Blood	FALSE	missing	N=78	D=11096
GSM4260269	EoE	Human_Blood	FALSE	missing	N=78	D=11096
GSM4260270	EoE	Human_Blood	FALSE	missing	N=78	D=11096
GSM4260271	EoE	Human_Blood	FALSE	missing	N=78	D=11096
GSM4260272	EoE	Human_Blood	FALSE	missing	N=78	D=11096
GSM4260273	EoE	Human_Blood	FALSE	missing	N=78	D=11096
GSM4260274	EoE	Human_Blood	FALSE	missing	N=78	D=11096
GSM4260275	EoE	Human_Blood	FALSE	missing	N=78	D=11096
GSM4260276	EoE	Human_Blood	FALSE	missing	N=78	D=11096
GSM4735795	EoE	Human_Blood	FALSE	missing	N=78	D=11096
GSM4735797	EoE	Human_Blood	FALSE	missing	N=78	D=11096
GSM4735802	EoE	Human_Blood	FALSE	missing	N=78	D=11096
GSM4735803	EoE	Human_Blood	FALSE	missing	N=78	D=11096
GSM4735804	EoE	Human_Blood	FALSE	missing	N=78	D=11096
GSM4735785	EoE	Human_Blood	TRUE	Human_Blood	N=78	D=11096
GSM4735787	EoE	Human_Blood	TRUE	Human_Blood	N=78	D=11096
GSM4735792	EoE	Human_Blood	TRUE	Human_Blood	N=78	D=11096
GSM4735793	EoE	Human_Blood	TRUE	Human_Blood	N=78	D=11096
GSM4735794	EoE	Human_Blood	TRUE	Human_Blood	N=78	D=11096
GSM5282507	EoE	Human_Blood	TRUE	Human_Blood	N=78	D=11096
GSM5282508	EoE	Human_Blood	TRUE	Human_Blood	N=78	D=11096
GSM5282509	EoE	Human_Blood	TRUE	Human_Blood	N=78	D=11096
GSM5282510	EoE	Human_Blood	TRUE	Human_Blood	N=78	D=11096
GSM5282511	EoE	Human_Blood	TRUE	Human_Blood	N=78	D=11096
GSM5282512	EoE	Human_Blood	TRUE	Human_Blood	N=78	D=11096
GSM5282513	EoE	Human_Blood	TRUE	Human_Blood	N=78	D=11096
GSM5282514	EoE	Human_Blood	TRUE	Human_Blood	N=78	D=11096
GSM5282515	EoE	Human_Blood	TRUE	Human_Blood	N=78	D=11096
GSM5282516	EoE	Human_Blood	TRUE	Human_Blood	N=78	D=11096
GSM5282517	EoE	Human_Blood	TRUE	Human_Blood	N=78	D=11096
GSM5282518	EoE	Human_Blood	TRUE	Human_Blood	N=78	D=11096
GSM5282519	EoE	Human_Blood	TRUE	Human_Blood	N=78	D=11096
GSM5282520	EoE	Human_Blood	TRUE	Human_Blood	N=78	D=11096
GSM5282521	EoE	Human_Blood	TRUE	Human_Blood	N=78	D=11096
GSM5282522	EoE	Human_Blood	TRUE	Human_Blood	N=78	D=11096
GSM5282523	EoE	Human_Blood	TRUE	Human_Blood	N=78	D=11096
GSM5282524	EoE	Human_Blood	TRUE	Human_Blood	N=78	D=11096
GSM5282525	EoE	Human_Blood	TRUE	Human_Blood	N=78	D=11096
GSM5282526	EoE	Human_Blood	TRUE	Human_Blood	N=78	D=11096
GSM5282527	EoE	Human_Blood	TRUE	Human_Blood	N=78	D=11096
GSM5282528	EoE	Human_Blood	TRUE	Human_Blood	N=78	D=11096
GSM5282529	EoE	Human_Blood	TRUE	Human_Blood	N=78	D=11096
GSM5282530	EoE	Human_Blood	TRUE	Human_Blood	N=78	D=11096
GSM5282531	EoE	Human_Blood	TRUE	Human_Blood	N=78	D=11096
GSM5282532	EoE	Human_Blood	TRUE	Human_Blood	N=78	D=11096
GSM5282533	EoE	Human_Blood	TRUE	Human_Blood	N=78	D=11096
GSM5282534	EoE	Human_Blood	TRUE	Human_Blood	N=78	D=11096
GSM5282535	EoE	Human_Blood	TRUE	Human_Blood	N=78	D=11096
GSM5282536	EoE	Human_Blood	TRUE	Human_Blood	N=78	D=11096
GSM1022684	GERD	Human_Blood	FALSE	missing	N=14	D=11096
GSM1022685	GERD	Human_Blood	FALSE	missing	N=14	D=11096
GSM1022686	GERD	Human_Blood	FALSE	missing	N=14	D=11096
GSM1022687	GERD	Human_Blood	FALSE	missing	N=14	D=11096
GSM1022688	GERD	Human_Blood	FALSE	missing	N=14	D=11096
GSM1022689	GERD	Human_Blood	FALSE	missing	N=14	D=11096
GSM4735798	GERD	Human_Blood	FALSE	missing	N=14	D=11096
GSM4735799	GERD	Human_Blood	FALSE	missing	N=14	D=11096
GSM4735800	GERD	Human_Blood	FALSE	missing	N=14	D=11096
GSM4735801	GERD	Human_Blood	FALSE	missing	N=14	D=11096
GSM4735788	GERD	Human_Blood	TRUE	Human_Blood	N=14	D=11096
GSM4735789	GERD	Human_Blood	TRUE	Human_Blood	N=14	D=11096
GSM4735790	GERD	Human_Blood	TRUE	Human_Blood	N=14	D=11096
GSM4735791	GERD	Human_Blood	TRUE	Human_Blood	N=14	D=11096
GSM1022678	EoE	Human_Esophagus	TRUE	Human_Esophagus	N=78	D=11096
GSM1022679	EoE	Human_Esophagus	TRUE	Human_Esophagus	N=78	D=11096
GSM1022680	EoE	Human_Esophagus	TRUE	Human_Esophagus	N=78	D=11096
GSM1022681	EoE	Human_Esophagus	TRUE	Human_Esophagus	N=78	D=11096
GSM1022682	EoE	Human_Esophagus	TRUE	Human_Esophagus	N=78	D=11096
GSM1022683	EoE	Human_Esophagus	TRUE	Human_Esophagus	N=78	D=11096
GSM1415912	EoE	Human_Esophagus	TRUE	Human_Esophagus	N=78	D=11096
GSM1415913	EoE	Human_Esophagus	TRUE	Human_Esophagus	N=78	D=11096
GSM1415914	EoE	Human_Esophagus	TRUE	Human_Esophagus	N=78	D=11096
GSM1415915	EoE	Human_Esophagus	TRUE	Human_Esophagus	N=78	D=11096
GSM1415916	EoE	Human_Esophagus	TRUE	Human_Esophagus	N=78	D=11096
GSM1415917	EoE	Human_Esophagus	TRUE	Human_Esophagus	N=78	D=11096
GSM1415918	EoE	Human_Esophagus	TRUE	Human_Esophagus	N=78	D=11096
GSM1415919	EoE	Human_Esophagus	TRUE	Human_Esophagus	N=78	D=11096
GSM1415920	EoE	Human_Esophagus	TRUE	Human_Esophagus	N=78	D=11096
GSM1415921	EoE	Human_Esophagus	TRUE	Human_Esophagus	N=78	D=11096
GSM3103946	EoE	Human_Esophagus	TRUE	Human_Esophagus	N=78	D=11096
GSM3103947	EoE	Human_Esophagus	TRUE	Human_Esophagus	N=78	D=11096
GSM3103948	EoE	Human_Esophagus	TRUE	Human_Esophagus	N=78	D=11096
GSM3103949	EoE	Human_Esophagus	TRUE	Human_Esophagus	N=78	D=11096
GSM3103950	EoE	Human_Esophagus	TRUE	Human_Esophagus	N=78	D=11096
GSM3103951	EoE	Human_Esophagus	TRUE	Human_Esophagus	N=78	D=11096
GSM3103952	EoE	Human_Esophagus	TRUE	Human_Esophagus	N=78	D=11096
GSM3103953	EoE	Human_Esophagus	TRUE	Human_Esophagus	N=78	D=11096
GSM3103954	EoE	Human_Esophagus	TRUE	Human_Esophagus	N=78	D=11096
GSM3103955	EoE	Human_Esophagus	TRUE	Human_Esophagus	N=78	D=11096
GSM4260265	EoE	Human_Esophagus	TRUE	Human_Esophagus	N=78	D=11096
GSM4260266	EoE	Human_Esophagus	TRUE	Human_Esophagus	N=78	D=11096
GSM4260267	EoE	Human_Esophagus	TRUE	Human_Esophagus	N=78	D=11096
GSM4260268	EoE	Human_Esophagus	TRUE	Human_Esophagus	N=78	D=11096
GSM4260269	EoE	Human_Esophagus	TRUE	Human_Esophagus	N=78	D=11096
GSM4260270	EoE	Human_Esophagus	TRUE	Human_Esophagus	N=78	D=11096
GSM4260271	EoE	Human_Esophagus	TRUE	Human_Esophagus	N=78	D=11096
GSM4260272	EoE	Human_Esophagus	TRUE	Human_Esophagus	N=78	D=11096
GSM4260273	EoE	Human_Esophagus	TRUE	Human_Esophagus	N=78	D=11096
GSM4260274	EoE	Human_Esophagus	TRUE	Human_Esophagus	N=78	D=11096
GSM4260275	EoE	Human_Esophagus	TRUE	Human_Esophagus	N=78	D=11096
GSM4260276	EoE	Human_Esophagus	TRUE	Human_Esophagus	N=78	D=11096
GSM4735795	EoE	Human_Esophagus	TRUE	Human_Esophagus	N=78	D=11096
GSM4735797	EoE	Human_Esophagus	TRUE	Human_Esophagus	N=78	D=11096
GSM4735802	EoE	Human_Esophagus	TRUE	Human_Esophagus	N=78	D=11096
GSM4735803	EoE	Human_Esophagus	TRUE	Human_Esophagus	N=78	D=11096
GSM4735804	EoE	Human_Esophagus	TRUE	Human_Esophagus	N=78	D=11096
GSM4735785	EoE	Human_Esophagus	FALSE	missing	N=78	D=11096
GSM4735787	EoE	Human_Esophagus	FALSE	missing	N=78	D=11096
GSM4735792	EoE	Human_Esophagus	FALSE	missing	N=78	D=11096
GSM4735793	EoE	Human_Esophagus	FALSE	missing	N=78	D=11096
GSM4735794	EoE	Human_Esophagus	FALSE	missing	N=78	D=11096
GSM5282507	EoE	Human_Esophagus	FALSE	missing	N=78	D=11096
GSM5282508	EoE	Human_Esophagus	FALSE	missing	N=78	D=11096
GSM5282509	EoE	Human_Esophagus	FALSE	missing	N=78	D=11096
GSM5282510	EoE	Human_Esophagus	FALSE	missing	N=78	D=11096
GSM5282511	EoE	Human_Esophagus	FALSE	missing	N=78	D=11096
GSM5282512	EoE	Human_Esophagus	FALSE	missing	N=78	D=11096
GSM5282513	EoE	Human_Esophagus	FALSE	missing	N=78	D=11096
GSM5282514	EoE	Human_Esophagus	FALSE	missing	N=78	D=11096
GSM5282515	EoE	Human_Esophagus	FALSE	missing	N=78	D=11096
GSM5282516	EoE	Human_Esophagus	FALSE	missing	N=78	D=11096
GSM5282517	EoE	Human_Esophagus	FALSE	missing	N=78	D=11096
GSM5282518	EoE	Human_Esophagus	FALSE	missing	N=78	D=11096
GSM5282519	EoE	Human_Esophagus	FALSE	missing	N=78	D=11096
GSM5282520	EoE	Human_Esophagus	FALSE	missing	N=78	D=11096
GSM5282521	EoE	Human_Esophagus	FALSE	missing	N=78	D=11096
GSM5282522	EoE	Human_Esophagus	FALSE	missing	N=78	D=11096
GSM5282523	EoE	Human_Esophagus	FALSE	missing	N=78	D=11096
GSM5282524	EoE	Human_Esophagus	FALSE	missing	N=78	D=11096
GSM5282525	EoE	Human_Esophagus	FALSE	missing	N=78	D=11096
GSM5282526	EoE	Human_Esophagus	FALSE	missing	N=78	D=11096
GSM5282527	EoE	Human_Esophagus	FALSE	missing	N=78	D=11096
GSM5282528	EoE	Human_Esophagus	FALSE	missing	N=78	D=11096
GSM5282529	EoE	Human_Esophagus	FALSE	missing	N=78	D=11096
GSM5282530	EoE	Human_Esophagus	FALSE	missing	N=78	D=11096
GSM5282531	EoE	Human_Esophagus	FALSE	missing	N=78	D=11096
GSM5282532	EoE	Human_Esophagus	FALSE	missing	N=78	D=11096
GSM5282533	EoE	Human_Esophagus	FALSE	missing	N=78	D=11096
GSM5282534	EoE	Human_Esophagus	FALSE	missing	N=78	D=11096
GSM5282535	EoE	Human_Esophagus	FALSE	missing	N=78	D=11096
GSM5282536	EoE	Human_Esophagus	FALSE	missing	N=78	D=11096
GSM1022684	GERD	Human_Esophagus	TRUE	Human_Esophagus	N=14	D=11096
GSM1022685	GERD	Human_Esophagus	TRUE	Human_Esophagus	N=14	D=11096
GSM1022686	GERD	Human_Esophagus	TRUE	Human_Esophagus	N=14	D=11096
GSM1022687	GERD	Human_Esophagus	TRUE	Human_Esophagus	N=14	D=11096
GSM1022688	GERD	Human_Esophagus	TRUE	Human_Esophagus	N=14	D=11096
GSM1022689	GERD	Human_Esophagus	TRUE	Human_Esophagus	N=14	D=11096
GSM4735798	GERD	Human_Esophagus	TRUE	Human_Esophagus	N=14	D=11096
GSM4735799	GERD	Human_Esophagus	TRUE	Human_Esophagus	N=14	D=11096
GSM4735800	GERD	Human_Esophagus	TRUE	Human_Esophagus	N=14	D=11096
GSM4735801	GERD	Human_Esophagus	TRUE	Human_Esophagus	N=14	D=11096
GSM4735788	GERD	Human_Esophagus	FALSE	missing	N=14	D=11096
GSM4735789	GERD	Human_Esophagus	FALSE	missing	N=14	D=11096
GSM4735790	GERD	Human_Esophagus	FALSE	missing	N=14	D=11096
GSM4735791	GERD	Human_Esophagus	FALSE	missing	N=14	D=11096
GSM1022678	EoE	Protozoa_Blood	FALSE	missing	N=78	D=8
GSM1022679	EoE	Protozoa_Blood	FALSE	missing	N=78	D=8
GSM1022680	EoE	Protozoa_Blood	FALSE	missing	N=78	D=8
GSM1022681	EoE	Protozoa_Blood	FALSE	missing	N=78	D=8
GSM1022682	EoE	Protozoa_Blood	FALSE	missing	N=78	D=8
GSM1022683	EoE	Protozoa_Blood	FALSE	missing	N=78	D=8
GSM1415912	EoE	Protozoa_Blood	FALSE	missing	N=78	D=8
GSM1415913	EoE	Protozoa_Blood	FALSE	missing	N=78	D=8
GSM1415914	EoE	Protozoa_Blood	FALSE	missing	N=78	D=8
GSM1415915	EoE	Protozoa_Blood	FALSE	missing	N=78	D=8
GSM1415916	EoE	Protozoa_Blood	FALSE	missing	N=78	D=8
GSM1415917	EoE	Protozoa_Blood	FALSE	missing	N=78	D=8
GSM1415918	EoE	Protozoa_Blood	FALSE	missing	N=78	D=8
GSM1415919	EoE	Protozoa_Blood	FALSE	missing	N=78	D=8
GSM1415920	EoE	Protozoa_Blood	FALSE	missing	N=78	D=8
GSM1415921	EoE	Protozoa_Blood	FALSE	missing	N=78	D=8
GSM3103946	EoE	Protozoa_Blood	FALSE	missing	N=78	D=8
GSM3103947	EoE	Protozoa_Blood	FALSE	missing	N=78	D=8
GSM3103948	EoE	Protozoa_Blood	FALSE	missing	N=78	D=8
GSM3103949	EoE	Protozoa_Blood	FALSE	missing	N=78	D=8
GSM3103950	EoE	Protozoa_Blood	FALSE	missing	N=78	D=8
GSM3103951	EoE	Protozoa_Blood	FALSE	missing	N=78	D=8
GSM3103952	EoE	Protozoa_Blood	FALSE	missing	N=78	D=8
GSM3103953	EoE	Protozoa_Blood	FALSE	missing	N=78	D=8
GSM3103954	EoE	Protozoa_Blood	FALSE	missing	N=78	D=8
GSM3103955	EoE	Protozoa_Blood	FALSE	missing	N=78	D=8
GSM4260265	EoE	Protozoa_Blood	FALSE	missing	N=78	D=8
GSM4260266	EoE	Protozoa_Blood	FALSE	missing	N=78	D=8
GSM4260267	EoE	Protozoa_Blood	FALSE	missing	N=78	D=8
GSM4260268	EoE	Protozoa_Blood	FALSE	missing	N=78	D=8
GSM4260269	EoE	Protozoa_Blood	FALSE	missing	N=78	D=8
GSM4260270	EoE	Protozoa_Blood	FALSE	missing	N=78	D=8
GSM4260271	EoE	Protozoa_Blood	FALSE	missing	N=78	D=8
GSM4260272	EoE	Protozoa_Blood	FALSE	missing	N=78	D=8
GSM4260273	EoE	Protozoa_Blood	FALSE	missing	N=78	D=8
GSM4260274	EoE	Protozoa_Blood	FALSE	missing	N=78	D=8
GSM4260275	EoE	Protozoa_Blood	FALSE	missing	N=78	D=8
GSM4260276	EoE	Protozoa_Blood	FALSE	missing	N=78	D=8
GSM4735795	EoE	Protozoa_Blood	FALSE	missing	N=78	D=8
GSM4735797	EoE	Protozoa_Blood	FALSE	missing	N=78	D=8
GSM4735802	EoE	Protozoa_Blood	FALSE	missing	N=78	D=8
GSM4735803	EoE	Protozoa_Blood	FALSE	missing	N=78	D=8
GSM4735804	EoE	Protozoa_Blood	FALSE	missing	N=78	D=8
GSM4735785	EoE	Protozoa_Blood	TRUE	Protozoa_Blood	N=78	D=8
GSM4735787	EoE	Protozoa_Blood	TRUE	Protozoa_Blood	N=78	D=8
GSM4735792	EoE	Protozoa_Blood	TRUE	Protozoa_Blood	N=78	D=8
GSM4735793	EoE	Protozoa_Blood	TRUE	Protozoa_Blood	N=78	D=8
GSM4735794	EoE	Protozoa_Blood	TRUE	Protozoa_Blood	N=78	D=8
GSM5282507	EoE	Protozoa_Blood	TRUE	Protozoa_Blood	N=78	D=8
GSM5282508	EoE	Protozoa_Blood	TRUE	Protozoa_Blood	N=78	D=8
GSM5282509	EoE	Protozoa_Blood	TRUE	Protozoa_Blood	N=78	D=8
GSM5282510	EoE	Protozoa_Blood	TRUE	Protozoa_Blood	N=78	D=8
GSM5282511	EoE	Protozoa_Blood	TRUE	Protozoa_Blood	N=78	D=8
GSM5282512	EoE	Protozoa_Blood	TRUE	Protozoa_Blood	N=78	D=8
GSM5282513	EoE	Protozoa_Blood	TRUE	Protozoa_Blood	N=78	D=8
GSM5282514	EoE	Protozoa_Blood	TRUE	Protozoa_Blood	N=78	D=8
GSM5282515	EoE	Protozoa_Blood	TRUE	Protozoa_Blood	N=78	D=8
GSM5282516	EoE	Protozoa_Blood	TRUE	Protozoa_Blood	N=78	D=8
GSM5282517	EoE	Protozoa_Blood	TRUE	Protozoa_Blood	N=78	D=8
GSM5282518	EoE	Protozoa_Blood	TRUE	Protozoa_Blood	N=78	D=8
GSM5282519	EoE	Protozoa_Blood	TRUE	Protozoa_Blood	N=78	D=8
GSM5282520	EoE	Protozoa_Blood	TRUE	Protozoa_Blood	N=78	D=8
GSM5282521	EoE	Protozoa_Blood	TRUE	Protozoa_Blood	N=78	D=8
GSM5282522	EoE	Protozoa_Blood	TRUE	Protozoa_Blood	N=78	D=8
GSM5282523	EoE	Protozoa_Blood	TRUE	Protozoa_Blood	N=78	D=8
GSM5282524	EoE	Protozoa_Blood	TRUE	Protozoa_Blood	N=78	D=8
GSM5282525	EoE	Protozoa_Blood	TRUE	Protozoa_Blood	N=78	D=8
GSM5282526	EoE	Protozoa_Blood	TRUE	Protozoa_Blood	N=78	D=8
GSM5282527	EoE	Protozoa_Blood	TRUE	Protozoa_Blood	N=78	D=8
GSM5282528	EoE	Protozoa_Blood	TRUE	Protozoa_Blood	N=78	D=8
GSM5282529	EoE	Protozoa_Blood	TRUE	Protozoa_Blood	N=78	D=8
GSM5282530	EoE	Protozoa_Blood	TRUE	Protozoa_Blood	N=78	D=8
GSM5282531	EoE	Protozoa_Blood	TRUE	Protozoa_Blood	N=78	D=8
GSM5282532	EoE	Protozoa_Blood	TRUE	Protozoa_Blood	N=78	D=8
GSM5282533	EoE	Protozoa_Blood	TRUE	Protozoa_Blood	N=78	D=8
GSM5282534	EoE	Protozoa_Blood	TRUE	Protozoa_Blood	N=78	D=8
GSM5282535	EoE	Protozoa_Blood	TRUE	Protozoa_Blood	N=78	D=8
GSM5282536	EoE	Protozoa_Blood	TRUE	Protozoa_Blood	N=78	D=8
GSM1022684	GERD	Protozoa_Blood	FALSE	missing	N=14	D=8
GSM1022685	GERD	Protozoa_Blood	FALSE	missing	N=14	D=8
GSM1022686	GERD	Protozoa_Blood	FALSE	missing	N=14	D=8
GSM1022687	GERD	Protozoa_Blood	FALSE	missing	N=14	D=8
GSM1022688	GERD	Protozoa_Blood	FALSE	missing	N=14	D=8
GSM1022689	GERD	Protozoa_Blood	FALSE	missing	N=14	D=8
GSM4735798	GERD	Protozoa_Blood	FALSE	missing	N=14	D=8
GSM4735799	GERD	Protozoa_Blood	FALSE	missing	N=14	D=8
GSM4735800	GERD	Protozoa_Blood	FALSE	missing	N=14	D=8
GSM4735801	GERD	Protozoa_Blood	FALSE	missing	N=14	D=8
GSM4735788	GERD	Protozoa_Blood	TRUE	Protozoa_Blood	N=14	D=8
GSM4735789	GERD	Protozoa_Blood	TRUE	Protozoa_Blood	N=14	D=8
GSM4735790	GERD	Protozoa_Blood	TRUE	Protozoa_Blood	N=14	D=8
GSM4735791	GERD	Protozoa_Blood	TRUE	Protozoa_Blood	N=14	D=8
GSM1022678	EoE	Protozoa_Esophagus	TRUE	Protozoa_Esophagus	N=78	D=8
GSM1022679	EoE	Protozoa_Esophagus	TRUE	Protozoa_Esophagus	N=78	D=8
GSM1022680	EoE	Protozoa_Esophagus	TRUE	Protozoa_Esophagus	N=78	D=8
GSM1022681	EoE	Protozoa_Esophagus	TRUE	Protozoa_Esophagus	N=78	D=8
GSM1022682	EoE	Protozoa_Esophagus	TRUE	Protozoa_Esophagus	N=78	D=8
GSM1022683	EoE	Protozoa_Esophagus	TRUE	Protozoa_Esophagus	N=78	D=8
GSM1415912	EoE	Protozoa_Esophagus	TRUE	Protozoa_Esophagus	N=78	D=8
GSM1415913	EoE	Protozoa_Esophagus	TRUE	Protozoa_Esophagus	N=78	D=8
GSM1415914	EoE	Protozoa_Esophagus	TRUE	Protozoa_Esophagus	N=78	D=8
GSM1415915	EoE	Protozoa_Esophagus	TRUE	Protozoa_Esophagus	N=78	D=8
GSM1415916	EoE	Protozoa_Esophagus	TRUE	Protozoa_Esophagus	N=78	D=8
GSM1415917	EoE	Protozoa_Esophagus	TRUE	Protozoa_Esophagus	N=78	D=8
GSM1415918	EoE	Protozoa_Esophagus	TRUE	Protozoa_Esophagus	N=78	D=8
GSM1415919	EoE	Protozoa_Esophagus	TRUE	Protozoa_Esophagus	N=78	D=8
GSM1415920	EoE	Protozoa_Esophagus	TRUE	Protozoa_Esophagus	N=78	D=8
GSM1415921	EoE	Protozoa_Esophagus	TRUE	Protozoa_Esophagus	N=78	D=8
GSM3103946	EoE	Protozoa_Esophagus	FALSE	missing	N=78	D=8
GSM3103947	EoE	Protozoa_Esophagus	FALSE	missing	N=78	D=8
GSM3103948	EoE	Protozoa_Esophagus	FALSE	missing	N=78	D=8
GSM3103949	EoE	Protozoa_Esophagus	FALSE	missing	N=78	D=8
GSM3103950	EoE	Protozoa_Esophagus	FALSE	missing	N=78	D=8
GSM3103951	EoE	Protozoa_Esophagus	FALSE	missing	N=78	D=8
GSM3103952	EoE	Protozoa_Esophagus	FALSE	missing	N=78	D=8
GSM3103953	EoE	Protozoa_Esophagus	FALSE	missing	N=78	D=8
GSM3103954	EoE	Protozoa_Esophagus	FALSE	missing	N=78	D=8
GSM3103955	EoE	Protozoa_Esophagus	FALSE	missing	N=78	D=8
GSM4260265	EoE	Protozoa_Esophagus	FALSE	missing	N=78	D=8
GSM4260266	EoE	Protozoa_Esophagus	FALSE	missing	N=78	D=8
GSM4260267	EoE	Protozoa_Esophagus	FALSE	missing	N=78	D=8
GSM4260268	EoE	Protozoa_Esophagus	FALSE	missing	N=78	D=8
GSM4260269	EoE	Protozoa_Esophagus	FALSE	missing	N=78	D=8
GSM4260270	EoE	Protozoa_Esophagus	FALSE	missing	N=78	D=8
GSM4260271	EoE	Protozoa_Esophagus	FALSE	missing	N=78	D=8
GSM4260272	EoE	Protozoa_Esophagus	FALSE	missing	N=78	D=8
GSM4260273	EoE	Protozoa_Esophagus	FALSE	missing	N=78	D=8
GSM4260274	EoE	Protozoa_Esophagus	FALSE	missing	N=78	D=8
GSM4260275	EoE	Protozoa_Esophagus	FALSE	missing	N=78	D=8
GSM4260276	EoE	Protozoa_Esophagus	FALSE	missing	N=78	D=8
GSM4735795	EoE	Protozoa_Esophagus	TRUE	Protozoa_Esophagus	N=78	D=8
GSM4735797	EoE	Protozoa_Esophagus	TRUE	Protozoa_Esophagus	N=78	D=8
GSM4735802	EoE	Protozoa_Esophagus	TRUE	Protozoa_Esophagus	N=78	D=8
GSM4735803	EoE	Protozoa_Esophagus	TRUE	Protozoa_Esophagus	N=78	D=8
GSM4735804	EoE	Protozoa_Esophagus	TRUE	Protozoa_Esophagus	N=78	D=8
GSM4735785	EoE	Protozoa_Esophagus	FALSE	missing	N=78	D=8
GSM4735787	EoE	Protozoa_Esophagus	FALSE	missing	N=78	D=8
GSM4735792	EoE	Protozoa_Esophagus	FALSE	missing	N=78	D=8
GSM4735793	EoE	Protozoa_Esophagus	FALSE	missing	N=78	D=8
GSM4735794	EoE	Protozoa_Esophagus	FALSE	missing	N=78	D=8
GSM5282507	EoE	Protozoa_Esophagus	FALSE	missing	N=78	D=8
GSM5282508	EoE	Protozoa_Esophagus	FALSE	missing	N=78	D=8
GSM5282509	EoE	Protozoa_Esophagus	FALSE	missing	N=78	D=8
GSM5282510	EoE	Protozoa_Esophagus	FALSE	missing	N=78	D=8
GSM5282511	EoE	Protozoa_Esophagus	FALSE	missing	N=78	D=8
GSM5282512	EoE	Protozoa_Esophagus	FALSE	missing	N=78	D=8
GSM5282513	EoE	Protozoa_Esophagus	FALSE	missing	N=78	D=8
GSM5282514	EoE	Protozoa_Esophagus	FALSE	missing	N=78	D=8
GSM5282515	EoE	Protozoa_Esophagus	FALSE	missing	N=78	D=8
GSM5282516	EoE	Protozoa_Esophagus	FALSE	missing	N=78	D=8
GSM5282517	EoE	Protozoa_Esophagus	FALSE	missing	N=78	D=8
GSM5282518	EoE	Protozoa_Esophagus	FALSE	missing	N=78	D=8
GSM5282519	EoE	Protozoa_Esophagus	FALSE	missing	N=78	D=8
GSM5282520	EoE	Protozoa_Esophagus	FALSE	missing	N=78	D=8
GSM5282521	EoE	Protozoa_Esophagus	FALSE	missing	N=78	D=8
GSM5282522	EoE	Protozoa_Esophagus	FALSE	missing	N=78	D=8
GSM5282523	EoE	Protozoa_Esophagus	FALSE	missing	N=78	D=8
GSM5282524	EoE	Protozoa_Esophagus	FALSE	missing	N=78	D=8
GSM5282525	EoE	Protozoa_Esophagus	FALSE	missing	N=78	D=8
GSM5282526	EoE	Protozoa_Esophagus	FALSE	missing	N=78	D=8
GSM5282527	EoE	Protozoa_Esophagus	FALSE	missing	N=78	D=8
GSM5282528	EoE	Protozoa_Esophagus	FALSE	missing	N=78	D=8
GSM5282529	EoE	Protozoa_Esophagus	FALSE	missing	N=78	D=8
GSM5282530	EoE	Protozoa_Esophagus	FALSE	missing	N=78	D=8
GSM5282531	EoE	Protozoa_Esophagus	FALSE	missing	N=78	D=8
GSM5282532	EoE	Protozoa_Esophagus	FALSE	missing	N=78	D=8
GSM5282533	EoE	Protozoa_Esophagus	FALSE	missing	N=78	D=8
GSM5282534	EoE	Protozoa_Esophagus	FALSE	missing	N=78	D=8
GSM5282535	EoE	Protozoa_Esophagus	FALSE	missing	N=78	D=8
GSM5282536	EoE	Protozoa_Esophagus	FALSE	missing	N=78	D=8
GSM1022684	GERD	Protozoa_Esophagus	TRUE	Protozoa_Esophagus	N=14	D=8
GSM1022685	GERD	Protozoa_Esophagus	TRUE	Protozoa_Esophagus	N=14	D=8
GSM1022686	GERD	Protozoa_Esophagus	TRUE	Protozoa_Esophagus	N=14	D=8
GSM1022687	GERD	Protozoa_Esophagus	TRUE	Protozoa_Esophagus	N=14	D=8
GSM1022688	GERD	Protozoa_Esophagus	TRUE	Protozoa_Esophagus	N=14	D=8
GSM1022689	GERD	Protozoa_Esophagus	TRUE	Protozoa_Esophagus	N=14	D=8
GSM4735798	GERD	Protozoa_Esophagus	TRUE	Protozoa_Esophagus	N=14	D=8
GSM4735799	GERD	Protozoa_Esophagus	TRUE	Protozoa_Esophagus	N=14	D=8
GSM4735800	GERD	Protozoa_Esophagus	TRUE	Protozoa_Esophagus	N=14	D=8
GSM4735801	GERD	Protozoa_Esophagus	TRUE	Protozoa_Esophagus	N=14	D=8
GSM4735788	GERD	Protozoa_Esophagus	FALSE	missing	N=14	D=8
GSM4735789	GERD	Protozoa_Esophagus	FALSE	missing	N=14	D=8
GSM4735790	GERD	Protozoa_Esophagus	FALSE	missing	N=14	D=8
GSM4735791	GERD	Protozoa_Esophagus	FALSE	missing	N=14	D=8
GSM1022678	EoE	Viral_Blood	FALSE	missing	N=78	D=48
GSM1022679	EoE	Viral_Blood	FALSE	missing	N=78	D=48
GSM1022680	EoE	Viral_Blood	FALSE	missing	N=78	D=48
GSM1022681	EoE	Viral_Blood	FALSE	missing	N=78	D=48
GSM1022682	EoE	Viral_Blood	FALSE	missing	N=78	D=48
GSM1022683	EoE	Viral_Blood	FALSE	missing	N=78	D=48
GSM1415912	EoE	Viral_Blood	FALSE	missing	N=78	D=48
GSM1415913	EoE	Viral_Blood	FALSE	missing	N=78	D=48
GSM1415914	EoE	Viral_Blood	FALSE	missing	N=78	D=48
GSM1415915	EoE	Viral_Blood	FALSE	missing	N=78	D=48
GSM1415916	EoE	Viral_Blood	FALSE	missing	N=78	D=48
GSM1415917	EoE	Viral_Blood	FALSE	missing	N=78	D=48
GSM1415918	EoE	Viral_Blood	FALSE	missing	N=78	D=48
GSM1415919	EoE	Viral_Blood	FALSE	missing	N=78	D=48
GSM1415920	EoE	Viral_Blood	FALSE	missing	N=78	D=48
GSM1415921	EoE	Viral_Blood	FALSE	missing	N=78	D=48
GSM3103946	EoE	Viral_Blood	FALSE	missing	N=78	D=48
GSM3103947	EoE	Viral_Blood	FALSE	missing	N=78	D=48
GSM3103948	EoE	Viral_Blood	FALSE	missing	N=78	D=48
GSM3103949	EoE	Viral_Blood	FALSE	missing	N=78	D=48
GSM3103950	EoE	Viral_Blood	FALSE	missing	N=78	D=48
GSM3103951	EoE	Viral_Blood	FALSE	missing	N=78	D=48
GSM3103952	EoE	Viral_Blood	FALSE	missing	N=78	D=48
GSM3103953	EoE	Viral_Blood	FALSE	missing	N=78	D=48
GSM3103954	EoE	Viral_Blood	FALSE	missing	N=78	D=48
GSM3103955	EoE	Viral_Blood	FALSE	missing	N=78	D=48
GSM4260265	EoE	Viral_Blood	FALSE	missing	N=78	D=48
GSM4260266	EoE	Viral_Blood	FALSE	missing	N=78	D=48
GSM4260267	EoE	Viral_Blood	FALSE	missing	N=78	D=48
GSM4260268	EoE	Viral_Blood	FALSE	missing	N=78	D=48
GSM4260269	EoE	Viral_Blood	FALSE	missing	N=78	D=48
GSM4260270	EoE	Viral_Blood	FALSE	missing	N=78	D=48
GSM4260271	EoE	Viral_Blood	FALSE	missing	N=78	D=48
GSM4260272	EoE	Viral_Blood	FALSE	missing	N=78	D=48
GSM4260273	EoE	Viral_Blood	FALSE	missing	N=78	D=48
GSM4260274	EoE	Viral_Blood	FALSE	missing	N=78	D=48
GSM4260275	EoE	Viral_Blood	FALSE	missing	N=78	D=48
GSM4260276	EoE	Viral_Blood	FALSE	missing	N=78	D=48
GSM4735795	EoE	Viral_Blood	FALSE	missing	N=78	D=48
GSM4735797	EoE	Viral_Blood	FALSE	missing	N=78	D=48
GSM4735802	EoE	Viral_Blood	FALSE	missing	N=78	D=48
GSM4735803	EoE	Viral_Blood	FALSE	missing	N=78	D=48
GSM4735804	EoE	Viral_Blood	FALSE	missing	N=78	D=48
GSM4735785	EoE	Viral_Blood	TRUE	Viral_Blood	N=78	D=48
GSM4735787	EoE	Viral_Blood	TRUE	Viral_Blood	N=78	D=48
GSM4735792	EoE	Viral_Blood	TRUE	Viral_Blood	N=78	D=48
GSM4735793	EoE	Viral_Blood	TRUE	Viral_Blood	N=78	D=48
GSM4735794	EoE	Viral_Blood	TRUE	Viral_Blood	N=78	D=48
GSM5282507	EoE	Viral_Blood	TRUE	Viral_Blood	N=78	D=48
GSM5282508	EoE	Viral_Blood	TRUE	Viral_Blood	N=78	D=48
GSM5282509	EoE	Viral_Blood	TRUE	Viral_Blood	N=78	D=48
GSM5282510	EoE	Viral_Blood	TRUE	Viral_Blood	N=78	D=48
GSM5282511	EoE	Viral_Blood	TRUE	Viral_Blood	N=78	D=48
GSM5282512	EoE	Viral_Blood	TRUE	Viral_Blood	N=78	D=48
GSM5282513	EoE	Viral_Blood	TRUE	Viral_Blood	N=78	D=48
GSM5282514	EoE	Viral_Blood	TRUE	Viral_Blood	N=78	D=48
GSM5282515	EoE	Viral_Blood	TRUE	Viral_Blood	N=78	D=48
GSM5282516	EoE	Viral_Blood	TRUE	Viral_Blood	N=78	D=48
GSM5282517	EoE	Viral_Blood	TRUE	Viral_Blood	N=78	D=48
GSM5282518	EoE	Viral_Blood	TRUE	Viral_Blood	N=78	D=48
GSM5282519	EoE	Viral_Blood	TRUE	Viral_Blood	N=78	D=48
GSM5282520	EoE	Viral_Blood	TRUE	Viral_Blood	N=78	D=48
GSM5282521	EoE	Viral_Blood	TRUE	Viral_Blood	N=78	D=48
GSM5282522	EoE	Viral_Blood	TRUE	Viral_Blood	N=78	D=48
GSM5282523	EoE	Viral_Blood	TRUE	Viral_Blood	N=78	D=48
GSM5282524	EoE	Viral_Blood	TRUE	Viral_Blood	N=78	D=48
GSM5282525	EoE	Viral_Blood	TRUE	Viral_Blood	N=78	D=48
GSM5282526	EoE	Viral_Blood	TRUE	Viral_Blood	N=78	D=48
GSM5282527	EoE	Viral_Blood	TRUE	Viral_Blood	N=78	D=48
GSM5282528	EoE	Viral_Blood	TRUE	Viral_Blood	N=78	D=48
GSM5282529	EoE	Viral_Blood	TRUE	Viral_Blood	N=78	D=48
GSM5282530	EoE	Viral_Blood	TRUE	Viral_Blood	N=78	D=48
GSM5282531	EoE	Viral_Blood	TRUE	Viral_Blood	N=78	D=48
GSM5282532	EoE	Viral_Blood	TRUE	Viral_Blood	N=78	D=48
GSM5282533	EoE	Viral_Blood	TRUE	Viral_Blood	N=78	D=48
GSM5282534	EoE	Viral_Blood	TRUE	Viral_Blood	N=78	D=48
GSM5282535	EoE	Viral_Blood	TRUE	Viral_Blood	N=78	D=48
GSM5282536	EoE	Viral_Blood	TRUE	Viral_Blood	N=78	D=48
GSM1022684	GERD	Viral_Blood	FALSE	missing	N=14	D=48
GSM1022685	GERD	Viral_Blood	FALSE	missing	N=14	D=48
GSM1022686	GERD	Viral_Blood	FALSE	missing	N=14	D=48
GSM1022687	GERD	Viral_Blood	FALSE	missing	N=14	D=48
GSM1022688	GERD	Viral_Blood	FALSE	missing	N=14	D=48
GSM1022689	GERD	Viral_Blood	FALSE	missing	N=14	D=48
GSM4735798	GERD	Viral_Blood	FALSE	missing	N=14	D=48
GSM4735799	GERD	Viral_Blood	FALSE	missing	N=14	D=48
GSM4735800	GERD	Viral_Blood	FALSE	missing	N=14	D=48
GSM4735801	GERD	Viral_Blood	FALSE	missing	N=14	D=48
GSM4735788	GERD	Viral_Blood	TRUE	Viral_Blood	N=14	D=48
GSM4735789	GERD	Viral_Blood	TRUE	Viral_Blood	N=14	D=48
GSM4735790	GERD	Viral_Blood	TRUE	Viral_Blood	N=14	D=48
GSM4735791	GERD	Viral_Blood	TRUE	Viral_Blood	N=14	D=48
GSM1022678	EoE	Viral_Esophagus	TRUE	Viral_Esophagus	N=78	D=7
GSM1022679	EoE	Viral_Esophagus	TRUE	Viral_Esophagus	N=78	D=7
GSM1022680	EoE	Viral_Esophagus	TRUE	Viral_Esophagus	N=78	D=7
GSM1022681	EoE	Viral_Esophagus	TRUE	Viral_Esophagus	N=78	D=7
GSM1022682	EoE	Viral_Esophagus	TRUE	Viral_Esophagus	N=78	D=7
GSM1022683	EoE	Viral_Esophagus	TRUE	Viral_Esophagus	N=78	D=7
GSM1415912	EoE	Viral_Esophagus	TRUE	Viral_Esophagus	N=78	D=7
GSM1415913	EoE	Viral_Esophagus	TRUE	Viral_Esophagus	N=78	D=7
GSM1415914	EoE	Viral_Esophagus	TRUE	Viral_Esophagus	N=78	D=7
GSM1415915	EoE	Viral_Esophagus	TRUE	Viral_Esophagus	N=78	D=7
GSM1415916	EoE	Viral_Esophagus	TRUE	Viral_Esophagus	N=78	D=7
GSM1415917	EoE	Viral_Esophagus	TRUE	Viral_Esophagus	N=78	D=7
GSM1415918	EoE	Viral_Esophagus	TRUE	Viral_Esophagus	N=78	D=7
GSM1415919	EoE	Viral_Esophagus	TRUE	Viral_Esophagus	N=78	D=7
GSM1415920	EoE	Viral_Esophagus	TRUE	Viral_Esophagus	N=78	D=7
GSM1415921	EoE	Viral_Esophagus	TRUE	Viral_Esophagus	N=78	D=7
GSM3103946	EoE	Viral_Esophagus	FALSE	missing	N=78	D=7
GSM3103947	EoE	Viral_Esophagus	FALSE	missing	N=78	D=7
GSM3103948	EoE	Viral_Esophagus	FALSE	missing	N=78	D=7
GSM3103949	EoE	Viral_Esophagus	FALSE	missing	N=78	D=7
GSM3103950	EoE	Viral_Esophagus	FALSE	missing	N=78	D=7
GSM3103951	EoE	Viral_Esophagus	FALSE	missing	N=78	D=7
GSM3103952	EoE	Viral_Esophagus	FALSE	missing	N=78	D=7
GSM3103953	EoE	Viral_Esophagus	FALSE	missing	N=78	D=7
GSM3103954	EoE	Viral_Esophagus	FALSE	missing	N=78	D=7
GSM3103955	EoE	Viral_Esophagus	FALSE	missing	N=78	D=7
GSM4260265	EoE	Viral_Esophagus	FALSE	missing	N=78	D=7
GSM4260266	EoE	Viral_Esophagus	FALSE	missing	N=78	D=7
GSM4260267	EoE	Viral_Esophagus	FALSE	missing	N=78	D=7
GSM4260268	EoE	Viral_Esophagus	FALSE	missing	N=78	D=7
GSM4260269	EoE	Viral_Esophagus	FALSE	missing	N=78	D=7
GSM4260270	EoE	Viral_Esophagus	FALSE	missing	N=78	D=7
GSM4260271	EoE	Viral_Esophagus	FALSE	missing	N=78	D=7
GSM4260272	EoE	Viral_Esophagus	FALSE	missing	N=78	D=7
GSM4260273	EoE	Viral_Esophagus	FALSE	missing	N=78	D=7
GSM4260274	EoE	Viral_Esophagus	FALSE	missing	N=78	D=7
GSM4260275	EoE	Viral_Esophagus	FALSE	missing	N=78	D=7
GSM4260276	EoE	Viral_Esophagus	FALSE	missing	N=78	D=7
GSM4735795	EoE	Viral_Esophagus	TRUE	Viral_Esophagus	N=78	D=7
GSM4735797	EoE	Viral_Esophagus	TRUE	Viral_Esophagus	N=78	D=7
GSM4735802	EoE	Viral_Esophagus	TRUE	Viral_Esophagus	N=78	D=7
GSM4735803	EoE	Viral_Esophagus	TRUE	Viral_Esophagus	N=78	D=7
GSM4735804	EoE	Viral_Esophagus	TRUE	Viral_Esophagus	N=78	D=7
GSM4735785	EoE	Viral_Esophagus	FALSE	missing	N=78	D=7
GSM4735787	EoE	Viral_Esophagus	FALSE	missing	N=78	D=7
GSM4735792	EoE	Viral_Esophagus	FALSE	missing	N=78	D=7
GSM4735793	EoE	Viral_Esophagus	FALSE	missing	N=78	D=7
GSM4735794	EoE	Viral_Esophagus	FALSE	missing	N=78	D=7
GSM5282507	EoE	Viral_Esophagus	FALSE	missing	N=78	D=7
GSM5282508	EoE	Viral_Esophagus	FALSE	missing	N=78	D=7
GSM5282509	EoE	Viral_Esophagus	FALSE	missing	N=78	D=7
GSM5282510	EoE	Viral_Esophagus	FALSE	missing	N=78	D=7
GSM5282511	EoE	Viral_Esophagus	FALSE	missing	N=78	D=7
GSM5282512	EoE	Viral_Esophagus	FALSE	missing	N=78	D=7
GSM5282513	EoE	Viral_Esophagus	FALSE	missing	N=78	D=7
GSM5282514	EoE	Viral_Esophagus	FALSE	missing	N=78	D=7
GSM5282515	EoE	Viral_Esophagus	FALSE	missing	N=78	D=7
GSM5282516	EoE	Viral_Esophagus	FALSE	missing	N=78	D=7
GSM5282517	EoE	Viral_Esophagus	FALSE	missing	N=78	D=7
GSM5282518	EoE	Viral_Esophagus	FALSE	missing	N=78	D=7
GSM5282519	EoE	Viral_Esophagus	FALSE	missing	N=78	D=7
GSM5282520	EoE	Viral_Esophagus	FALSE	missing	N=78	D=7
GSM5282521	EoE	Viral_Esophagus	FALSE	missing	N=78	D=7
GSM5282522	EoE	Viral_Esophagus	FALSE	missing	N=78	D=7
GSM5282523	EoE	Viral_Esophagus	FALSE	missing	N=78	D=7
GSM5282524	EoE	Viral_Esophagus	FALSE	missing	N=78	D=7
GSM5282525	EoE	Viral_Esophagus	FALSE	missing	N=78	D=7
GSM5282526	EoE	Viral_Esophagus	FALSE	missing	N=78	D=7
GSM5282527	EoE	Viral_Esophagus	FALSE	missing	N=78	D=7
GSM5282528	EoE	Viral_Esophagus	FALSE	missing	N=78	D=7
GSM5282529	EoE	Viral_Esophagus	FALSE	missing	N=78	D=7
GSM5282530	EoE	Viral_Esophagus	FALSE	missing	N=78	D=7
GSM5282531	EoE	Viral_Esophagus	FALSE	missing	N=78	D=7
GSM5282532	EoE	Viral_Esophagus	FALSE	missing	N=78	D=7
GSM5282533	EoE	Viral_Esophagus	FALSE	missing	N=78	D=7
GSM5282534	EoE	Viral_Esophagus	FALSE	missing	N=78	D=7
GSM5282535	EoE	Viral_Esophagus	FALSE	missing	N=78	D=7
GSM5282536	EoE	Viral_Esophagus	FALSE	missing	N=78	D=7
GSM1022684	GERD	Viral_Esophagus	TRUE	Viral_Esophagus	N=14	D=7
GSM1022685	GERD	Viral_Esophagus	TRUE	Viral_Esophagus	N=14	D=7
GSM1022686	GERD	Viral_Esophagus	TRUE	Viral_Esophagus	N=14	D=7
GSM1022687	GERD	Viral_Esophagus	TRUE	Viral_Esophagus	N=14	D=7
GSM1022688	GERD	Viral_Esophagus	TRUE	Viral_Esophagus	N=14	D=7
GSM1022689	GERD	Viral_Esophagus	TRUE	Viral_Esophagus	N=14	D=7
GSM4735798	GERD	Viral_Esophagus	TRUE	Viral_Esophagus	N=14	D=7
GSM4735799	GERD	Viral_Esophagus	TRUE	Viral_Esophagus	N=14	D=7
GSM4735800	GERD	Viral_Esophagus	TRUE	Viral_Esophagus	N=14	D=7
GSM4735801	GERD	Viral_Esophagus	TRUE	Viral_Esophagus	N=14	D=7
GSM4735788	GERD	Viral_Esophagus	FALSE	missing	N=14	D=7
GSM4735789	GERD	Viral_Esophagus	FALSE	missing	N=14	D=7
GSM4735790	GERD	Viral_Esophagus	FALSE	missing	N=14	D=7
GSM4735791	GERD	Viral_Esophagus	FALSE	missing	N=14	D=7
